Ano de Lançamento,Título da obra,Gênero,Nacionalidade da obra,Empresa distribuidora,Salas no Lançamento
2009,1983.. O Ano Azul,Documentário,Brasileira,Prana Filmes,2
2009,2012,Ficção,Estrangeira,Sony,684
2009,23 Anos Em 7 Segundos: 1977 - O Fim Do Jejum Corinthiano,Documentário,Brasileira,Fox,7
2009,3 Macacos,Ficção,Estrangeira,Imovision,2
2009,500 Dias Com Ela,Ficção,Estrangeira,Fox,37
2009,9 - A Salvação,Animação,Estrangeira,Playarte,138
2009,À Deriva,Ficção,Brasileira,Universal,41
2009,A Era Da Estupidez,Documentário,Estrangeira,Moviemobz,16
2009,A Era Do Gelo 3,Animação,Estrangeira,Fox,777
2009,A Erva Do Rato,Ficção,Brasileira,República Pureza,1
2009,A Festa Da Menina Morta,Ficção,Brasileira,Imovision,6
2009,A Festa Do Garfield,Animação,Estrangeira,Playarte,110
2009,A Garota De Mônaco,Ficção,Estrangeira,Imovision,4
2009,A Garota Ideal,Ficção,Estrangeira,Califórnia,4
2009,A Ilha Da Morte,Ficção,Brasileira,Imovision,3
2009,A Janela,Ficção,Estrangeira,Imovision,12
2009,A Montanha Enfeitiçada,Ficção,Estrangeira,Sony,104
2009,A Morte Inventada - Alienação Parental,Documentário,Brasileira,Caraminhola Produções Artísticas,1
2009,A Mulher Invisível,Ficção,Brasileira,Warner,220
2009,A Onda,Ficção,Estrangeira,Moviemobz,14
2009,A Órfã,Ficção,Estrangeira,Warner,76
2009,A Pantera Cor De Rosa 2,Ficção,Estrangeira,Sony,253
2009,A Partida,Ficção,Estrangeira,Paris,17
2009,A Pedra Mágica,Ficção,Estrangeira,Warner,60
2009,A Princesa E O Sapo,Animação,Estrangeira,Sony,217
2009,A Procura De Eric,Ficção,Estrangeira,Califórnia,9
2009,A Proposta,Ficção,Estrangeira,Sony,173
2009,A Teta Assustada,Ficção,Estrangeira,Paris,18
2009,A Trilha,Ficção,Estrangeira,Imagem,30
2009,A Troca,Ficção,Estrangeira,Universal,98
2009,A Verdade Nua E Crua,Ficção,Estrangeira,Sony,168
2009,A Vida Íntima De Pippa Lee,Ficção,Estrangeira,Playarte,15
2009,A Vida Secreta Das Abelhas,Ficção,Estrangeira,Fox,9
2009,Abba O Filme,Documentário,Estrangeira,Moviemobz,4
2009,Abraços Partidos,Ficção,Estrangeira,Universal,70
2009,Aconteceu Em Woodstock,Ficção,Estrangeira,Universal,6
2009,Adagio Sostenuto,Ficção,Brasileira,Pipa Produções,1
2009,Alexandra,Ficção,Estrangeira,Filmes Do Estação,2
2009,Algo Que Você Precisa Saber,Ficção,Estrangeira,Imovision,8
2009,Alguém Que Me Ame De Verdade,Ficção,Estrangeira,Moviemobz,4
2009,Alguns Motivos Para Não Se Apaixonar,Ficção,Estrangeira,Panda Filmes,1
2009,Alma Perdida,Ficção,Estrangeira,Universal,120
2009,Almoço Em Agosto,Ficção,Estrangeira,Imovision,13
2009,"Alô, Alô, Terezinha!",Documentário,Brasileira,Imovision,58
2009,Amantes,Ficção,Estrangeira,Playarte,50
2009,American Teen,Documentário,Estrangeira,Paris,1
2009,Anabazys,Documentário,Brasileira,Riofilme,4
2009,Anjos Da Noite - A Rebelião,Ficção,Estrangeira,Sony,165
2009,Anjos E Demônios,Ficção,Estrangeira,Sony,595
2009,Anticristo,Ficção,Estrangeira,Califórnia,14
2009,Apenas O Fim,Ficção,Brasileira,Filmes Do Estação,5
2009,Aquele Querido Mês De Agosto,Ficção,Estrangeira,Filmes Do Estação,2
2009,Arranca-Me A Vida,Ficção,Estrangeira,Fox,2
2009,Arraste-Me Para O Inferno,Ficção,Estrangeira,Universal,196
2009,As Cantoras Do Rádio,Documentário,Brasileira,Panda Filmes,4
2009,As Testemunhas,Ficção,Estrangeira,Filmes Do Estação,1
2009,Atividade Paranormal,Ficção,Estrangeira,Playarte,247
2009,Atrizes,Ficção,Estrangeira,Pandora Filmes,2
2009,Austrália,Ficção,Estrangeira,Fox,190
2009,Avatar,Ficção,Estrangeira,Fox,738
2009,Aventuras Do Surf Ii,Documentário,Brasileira,Universal,61
2009,Barry & A Banda Das Minhocas,Animação,Estrangeira,Imagem,79
2009,Bastardos Inglórios,Ficção,Estrangeira,Universal,175
2009,Batatinha Poeta Do Samba,Documentário,Brasileira,Portfolium Laboratório De Imagens,1
2009,"Beijo Na Boca, Não!",Ficção,Estrangeira,Pandora Filmes,1
2009,Bela Noite Para Voar,Ficção,Brasileira,Universal,20
2009,Bem-Vindo,Ficção,Estrangeira,Imovision,5
2009,Besouro,Ficção,Brasileira,Sony,145
2009,Bons Costumes,Ficção,Estrangeira,Sony,3
2009,Br-3 - A Peça,Documentário,Brasileira,Casa Azul,1
2009,Br-3 Documentário,Documentário,Brasileira,Casa Azul,2
2009,Bruno,Ficção,Estrangeira,Sony,89
2009,Budapeste,Ficção,Brasileira,Imagem,40
2009,Caramelo,Ficção,Estrangeira,Imovision,14
2009,Caro Sr. Horten,Ficção,Estrangeira,Imovision,1
2009,Casamento Silencioso,Ficção,Estrangeira,Imovision,3
2009,Che,Ficção,Estrangeira,Europa,34
2009,Che 2 - A Guerrilha,Ficção,Estrangeira,Europa,34
2009,Cidadão Boilesen,Documentário,Brasileira,Imovision,2
2009,"Cinderelas, Lobos E Um Príncipe Encantado",Documentário,Brasileira,Pipa Produções,5
2009,Cine Cocoricó: As Aventuras Na Cidade,Ficção,Brasileira,Moviemobz,29
2009,Cinzas Do Passado Redux,Ficção,Estrangeira,Imagem,8
2009,Coco Antes De Chanel,Ficção,Estrangeira,Warner,19
2009,Código De Conduta,Ficção,Estrangeira,Imagem,132
2009,Confissões De Uma Garota De Programa,Ficção,Estrangeira,Paris,25
2009,Contratempo - Uma Valsa Da Dor,Documentário,Brasileira,Videofilmes,6
2009,Coração Vagabundo,Documentário,Brasileira,Paramount,9
2009,Coraline E O Mundo Secreto,Animação,Estrangeira,Universal,160
2009,Corpo Do Rio,Documentário,Brasileira,Pequena Central,2
2009,De Profundis,Animação,Estrangeira,Europa,4
2009,"De Repente, California",Ficção,Estrangeira,Ab Filmes,1
2009,Deixa Ela Entrar,Ficção,Estrangeira,Filmes Da Mostra,12
2009,Delírios De Consumo De Becky Bloom,Ficção,Estrangeira,Sony,78
2009,Desejo E Perigo,Ficção,Estrangeira,Europa,12
2009,Dezessete Outra Vez,Ficção,Estrangeira,Playarte,147
2009,Dia Dos Namorados Macabro 3D,Ficção,Estrangeira,Playarte,137
2009,Diário Proibido,Ficção,Estrangeira,Playarte,26
2009,Distrito 9,Ficção,Estrangeira,Sony,204
2009,Divã,Ficção,Brasileira,Downtown/Riofilme,137
2009,Do Começo Ao Fim,Ficção,Brasileira,Downtown/Riofilme,16
2009,Doce De Coco,Ficção,Brasileira,Pandora Filmes,1
2009,Dois Em Um,Ficção,Estrangeira,Pandora Filmes,4
2009,Donkey Xote,Animação,Estrangeira,Imagem,91
2009,Dragonball Evolution,Ficção,Estrangeira,Fox,155
2009,Duplicidade,Ficção,Estrangeira,Universal,50
2009,Dúvida,Ficção,Estrangeira,Sony,36
2009,É Proibido Fumar,Ficção,Brasileira,Playarte,42
2009,Efeito Borboleta: Revelação,Ficção,Estrangeira,Imagem,81
2009,Ele Não Está Tão Afim,Ficção,Estrangeira,Playarte,145
2009,Eliezer Batista - O Engenheiro Do Brasil,Documentário,Brasileira,Espaço Filmes,10
2009,Embarque Imediato,Ficção,Brasileira,Europa/Riofilme,76
2009,Encontro De Casais,Ficção,Estrangeira,Universal,166
2009,Enquanto O Sol Não Vem,Ficção,Estrangeira,Pandora Filmes,4
2009,Entre A Luz E A Sombra,Documentário,Brasileira,Videofilmes,5
2009,Entre Os Dedos,Ficção,Brasileira,Polifilmes,1
2009,Entre Os Muros Da Escola,Ficção,Estrangeira,Imovision,33
2009,Ervas Daninhas,Ficção,Estrangeira,Imovision,14
2009,Estação Espacial 3D,Documentário,Estrangeira,Espaço Itaú De Cinema,1
2009,Estórias De Trancoso,Ficção,Brasileira,Polifilmes,1
2009,Eu Odeio O Dia Dos Namorados,Ficção,Estrangeira,Playarte,132
2009,"Eu Te Amo, Cara",Ficção,Estrangeira,Paramount,81
2009,Evocando Espíritos,Ficção,Estrangeira,Imagem,139
2009,Fados,Documentário,Estrangeira,Europa,5
2009,Falando Grego,Ficção,Estrangeira,Imagem,120
2009,Fama,Ficção,Estrangeira,Playarte,88
2009,Fiel - O Filme,Documentário,Brasileira,G7 Cinema,25
2009,Filmefobia,Ficção,Brasileira,Polifilmes,5
2009,Flordelis - Basta Uma Palavra Para Mudar,Ficção,Brasileira,Serendip/Art Films,41
2009,Foi Apenas Um Sonho,Ficção,Estrangeira,Paramount,80
2009,Força G,Ficção,Estrangeira,Sony,303
2009,Força Policial,Ficção,Estrangeira,Playarte,80
2009,Frost/Nixon,Ficção,Estrangeira,Universal,10
2009,Fumando Espero,Documentário,Brasileira,Gávea Filmes E Produções,ND
2009,Fundo Do Mar 3D,Documentário,Estrangeira,Espaço Itaú De Cinema,1
2009,G.I. Joe - A Origem De Cobra,Ficção,Estrangeira,Paramount,368
2009,Gamer,Ficção,Estrangeira,Imagem,100
2009,Garapa,Documentário,Brasileira,Downtown,5
2009,Garota Infernal,Ficção,Estrangeira,Fox,46
2009,Gesto Obsceno,Ficção,Estrangeira,Moviemobz,3
2009,Gigante,Ficção,Estrangeira,Imovision,8
2009,Glória Ao Cineasta,Ficção,Estrangeira,Moviemobz,2
2009,Goodbye...Solo,Ficção,Estrangeira,Imovision,3
2009,Gran Torino,Ficção,Estrangeira,Warner,105
2009,Há Tanto Tempo Que Te Amo,Ficção,Estrangeira,Moviemobz,13
2009,Halloween - O Início,Ficção,Estrangeira,Playarte,104
2009,Hanami - Cerejeiras Em Flor,Ficção,Estrangeira,Filmes Da Mostra,10
2009,Hannah Montana - O Filme,Ficção,Estrangeira,Sony,177
2009,Harry Potter E O Enigma Do Príncipe,Ficção,Estrangeira,Warner,760
2009,Herbert De Perto,Documentário,Brasileira,Imagem,29
2009,Heróis,Ficção,Estrangeira,Paris,66
2009,High School Band,Ficção,Estrangeira,Paris,81
2009,"Home - Nosso Planeta, Nossa Casa",Documentário,Estrangeira,Europa,28
2009,Honeydripper,Ficção,Estrangeira,Imovision,3
2009,Horas De Verão,Ficção,Estrangeira,Filmes Da Mostra,5
2009,Hotel Atlântico,Ficção,Brasileira,Espaço Filmes,22
2009,Import Export,Ficção,Estrangeira,Filmes Da Mostra,4
2009,Inimigo Publico Nº 1 - Instinto De Morte,Ficção,Estrangeira,Califórnia,6
2009,Inimigos Públicos,Ficção,Estrangeira,Universal,217
2009,Intrigas De Estado,Ficção,Estrangeira,Universal,115
2009,Inútil,Documentário,Estrangeira,Filmes Da Mostra,3
2009,Iron Maiden: Flight 666,Documentário,Estrangeira,Moviemobz,47
2009,Jean Charles,Ficção,Brasileira,Imagem,167
2009,Jogando Com Prazer,Ficção,Estrangeira,Imagem,50
2009,Jogo Entre Ladrões,Ficção,Estrangeira,Imagem,101
2009,Jogos Mortais 6,Ficção,Estrangeira,Sony,204
2009,Jonas Brothers 3D: O Show,Documentário,Estrangeira,Sony,50
2009,Juízo Final,Ficção,Estrangeira,Europa,67
2009,Julie E Julia,Ficção,Estrangeira,Sony,54
2009,Katyn,Ficção,Estrangeira,Moviemobz,3
2009,Kfz-1348,Documentário,Brasileira,Rec Produtores,1
2009,Killshot - Tiro Certo,Ficção,Estrangeira,Playarte,37
2009,Kurt Cobain - Retrato De Uma Ausência,Documentário,Estrangeira,Pandora Filmes,1
2009,Lanchonete Olympia,Ficção,Estrangeira,Moviemobz,3
2009,Lição De Amor,Ficção,Estrangeira,Califórnia,3
2009,Loki - Arnaldo Baptista,Documentário,Brasileira,Canal Brasil,18
2009,Lua Nova,Ficção,Estrangeira,Paris,841
2009,Manhã Transfigurada,Ficção,Brasileira,Pandora Filmes,1
2009,Marido Por Acaso,Ficção,Estrangeira,Playarte,123
2009,Matadores De Vampiras Lésbicas,Ficção,Estrangeira,Imagem,141
2009,Mataram Irmã Dorothy,Documentário,Estrangeira,Moviemobz,5
2009,Mesa De Bar Onde Tudo Acontece,Ficção,Brasileira,Mirasul,3
2009,Michael Jackson This Is It,Documentário,Estrangeira,Sony,231
2009,Milagre Em Sta. Anna,Ficção,Estrangeira,Califórnia,2
2009,Milk - A Voz Da Igualdade,Ficção,Estrangeira,Universal,50
2009,Minhas Adoráveis Ex-Namoradas,Ficção,Estrangeira,Playarte,124
2009,Mistéryos,Ficção,Brasileira,Panda Filmes,1
2009,Monstros Vs Alienígenas,Animação,Estrangeira,Paramount,370
2009,Moscou,Documentário,Brasileira,Videofilmes,8
2009,Nada Vai Nos Separar,Documentário,Brasileira,G7 Cinema,3
2009,Naufrágio - Mistério E Morte Na Catástrofe Do Príncipe De Astúrias,Documentário,Brasileira,Master Shot Produções,ND
2009,Ninho Vazio,Ficção,Estrangeira,Imovision,15
2009,No Meu Lugar,Ficção,Brasileira,Downtown/Videofilmes,12
2009,Noivas Em Guerra,Ficção,Estrangeira,Fox,162
2009,"Nova York, Eu Te Amo",Ficção,Estrangeira,Califórnia,17
2009,Novidades No Amor,Ficção,Estrangeira,Imagem,85
2009,Novo Século Americano,Documentário,Estrangeira,Moviemobz,3
2009,O Amor Pede Passagem,Ficção,Estrangeira,Imagem,32
2009,O Caçador,Ficção,Estrangeira,Imovision,7
2009,O Casamento De Rachel,Ficção,Estrangeira,Sony,15
2009,O Contador De Histórias,Ficção,Brasileira,Warner,93
2009,O Corajoso Ratinho Despereaux,Animação,Estrangeira,Universal,130
2009,O Curioso Caso De Benjamin Button,Ficção,Estrangeira,Warner,202
2009,O Desinformante,Ficção,Estrangeira,Warner,32
2009,O Dia Em Que A Terra Parou,Ficção,Estrangeira,Fox,354
2009,O Diário De Sintra,Documentário,Brasileira,Moviemobz/Riofilme,3
2009,O Equilibrista,Documentário,Estrangeira,Califórnia,2
2009,O Exterminador Do Futuro: A Salvação,Ficção,Estrangeira,Sony,497
2009,O Fantástico Senhor Raposo,Animação,Estrangeira,Fox,5
2009,O Fim Da Picada,Ficção,Brasileira,Cinegrama,1
2009,O Fundo Do Mar,Ficção,Estrangeira,Panda Filmes,1
2009,O Golfinho - A História De Um Sonhador,Animação,Estrangeira,Fox,62
2009,O Grilo Feliz E Os Insetos Gigantes,Animação,Brasileira,Fox,122
2009,O Grupo Baader Meinhof,Ficção,Estrangeira,Imagem,12
2009,O Guerreiro Genghis Khan,Ficção,Estrangeira,Europa,22
2009,O Leitor,Ficção,Estrangeira,Imagem,68
2009,O Lutador,Ficção,Estrangeira,Paris,52
2009,O Menino Da Porteira,Ficção,Brasileira,Sony,280
2009,O Milagre De Santa Luzia,Documentário,Brasileira,Miração Filmes,6
2009,O Nome Dela É Sabine,Documentário,Estrangeira,Filmes Do Estação,2
2009,O Poder Do Soul,Documentário,Estrangeira,Sony,1
2009,O Sequestro Do Metrô 123,Ficção,Estrangeira,Sony,183
2009,O Solista,Ficção,Estrangeira,Universal,25
2009,O Visitante,Ficção,Estrangeira,Moviemobz,6
2009,Operação Valquíria,Ficção,Estrangeira,Fox,233
2009,Os Falsários,Ficção,Estrangeira,Europa,27
2009,Os Fantasmas De Scrooge,Animação,Estrangeira,Sony,41
2009,Os Normais 2,Ficção,Brasileira,Imagem,433
2009,Ouro Negro,Ficção,Brasileira,Pandora Filmes,4
2009,Pacto Secreto,Ficção,Estrangeira,Paris,80
2009,Pagando Bem Que Mal Tem?,Ficção,Estrangeira,Imagem,139
2009,Palavra (En)Cantada,Documentário,Brasileira,Filmes Do Estação,9
2009,Paris,Ficção,Estrangeira,Pandora Filmes,6
2009,Partir,Ficção,Estrangeira,Imovision,9
2009,Passageiros,Ficção,Estrangeira,Imagem,74
2009,Patativa Do Assaré - Ave Poesia,Documentário,Brasileira,Sereia Filmes,4
2009,Paulo Gracindo - O Bem Amado,Documentário,Brasileira,Filmes Do Estação,4
2009,Pequenos Invasores,Ficção,Estrangeira,Fox,82
2009,Perdido Pra Cachorro,Ficção,Estrangeira,Sony,64
2009,Planeta 51,Animação,Estrangeira,Imagem,170
2009,"Polícia, Adjetivo",Ficção,Estrangeira,Imovision,5
2009,Por Amor,Ficção,Estrangeira,Imagem,40
2009,Praça Saens Peña,Ficção,Brasileira,Moviemobz/Riofilme,2
2009,Presságio,Ficção,Estrangeira,Paris,208
2009,Quanto Dura O Amor?,Ficção,Brasileira,Pandora Filmes,7
2009,Quarentena,Ficção,Estrangeira,Sony,102
2009,Quem Quer Ser Um Milionário?,Ficção,Estrangeira,Europa,191
2009,Recém Chegada,Ficção,Estrangeira,Imagem,49
2009,Rindo A Toa,Ficção,Estrangeira,Califórnia,2
2009,Rio Congelado,Ficção,Estrangeira,Sony,6
2009,Romeu: O Vira-Lata Atrapalhado,Animação,Estrangeira,Paris,49
2009,Rumba,Ficção,Estrangeira,Filmes Do Estação,3
2009,Salve Geral,Ficção,Brasileira,Sony/Downtown,186
2009,"Se Beber, Não Case!",Ficção,Estrangeira,Warner,204
2009,Se Eu Fosse Você 2,Ficção,Brasileira,Fox,315
2009,Se Nada Mais Der Certo,Ficção,Brasileira,Imovision,14
2009,Segredos Íntimos,Ficção,Estrangeira,Paris,9
2009,Sem Fio,Ficção,Brasileira,Panda Filmes,1
2009,Sempre Ao Seu Lado,Ficção,Estrangeira,Imagem,181
2009,Senhores Do Vento,Documentário,Brasileira,Youle Filmes,1
2009,Sex Drive: Rumo Ao Sexo,Ficção,Estrangeira,Paris,60
2009,Sexta-Feira 13,Ficção,Estrangeira,Paramount,162
2009,Sim Senhor,Ficção,Estrangeira,Warner,152
2009,Simonal - Ninguém Sabe O Duro Que Dei,Documentário,Brasileira,Moviemobz/Riofilme,24
2009,Simplesmente Feliz,Ficção,Estrangeira,Imagem,20
2009,"Sinédoque, Nova Iorque",Ficção,Estrangeira,Imagem,6
2009,Som E Fúria,Ficção,Brasileira,O2 Cinema,1
2009,Star Trek,Ficção,Estrangeira,Paramount,297
2009,Stella,Ficção,Estrangeira,Imovision,6
2009,Substitutos,Ficção,Estrangeira,Sony,119
2009,Surpresas Do Amor,Ficção,Estrangeira,Playarte,153
2009,Tá Chovendo Hamburger,Animação,Estrangeira,Sony,182
2009,Te Amarei Para Sempre,Ficção,Estrangeira,Playarte,138
2009,Tempos De Paz,Ficção,Brasileira,Downtown,51
2009,Terra,Documentário,Estrangeira,Sony,30
2009,Terra Sonâmbula,Ficção,Estrangeira,Panda Filmes,1
2009,Território Restrito,Ficção,Estrangeira,Imagem,40
2009,Terror Na Antártida,Ficção,Estrangeira,Warner,49
2009,The Spirit - O Filme,Ficção,Estrangeira,Sony,77
2009,Tinha Que Ser Você,Ficção,Estrangeira,Imagem,30
2009,Titãs - A Vida Até Parece Uma Festa,Documentário,Brasileira,Moviemobz,12
2009,Tô De Férias,Animação,Estrangeira,Paris,91
2009,Tokyo,Ficção,Estrangeira,Califórnia,1
2009,Tony Manero,Ficção,Estrangeira,Imovision,ND
2009,Topografia De Um Desnudo,Ficção,Brasileira,T.A.O. Produções Artisticas,1
2009,Trama Internacional,Ficção,Estrangeira,Sony,65
2009,Transformers: A Vingança Dos Derrotados,Ficção,Estrangeira,Paramount,554
2009,Um Ato De Liberdade,Ficção,Estrangeira,Flashstar Filmes,42
2009,Um Cara Muito Louco...Apaixonado,Ficção,Estrangeira,Califórnia,33
2009,Um Faz De Conta Que Acontece,Ficção,Estrangeira,Sony,218
2009,Um Homem De Moral,Documentário,Brasileira,Superfilmes,10
2009,Um Hotel Bom Pra Cachorro,Ficção,Estrangeira,Paramount,133
2009,Um Lobisomem Na Amazônia,Ficção,Brasileira,Polifilmes/Topázio Filmes,8
2009,Um Namorado Para Minha Esposa,Ficção,Estrangeira,Paris,12
2009,Um Romance De Geração,Ficção,Brasileira,Filmes Do Estação,2
2009,Um Segredo Em Família,Ficção,Estrangeira,Filmes Do Estação,5
2009,Um Taxi Para A Escuridão,Documentário,Estrangeira,Moviemobz,3
2009,Uma Canção De Amor,Ficção,Estrangeira,Paris,17
2009,Uma Noite No Museu 2,Ficção,Estrangeira,Fox,515
2009,Uma Prova De Amor,Ficção,Estrangeira,Playarte,89
2009,Uma Vida Sem Regras,Ficção,Estrangeira,Paris,4
2009,Up - Altas Aventuras,Animação,Estrangeira,Sony,304
2009,Valsa Com Bashir,Animação,Estrangeira,Sony,8
2009,"Vamos Subir, Leão",Documentário,Brasileira,Canal 3,ND
2009,Velhas Guardas,Documentário,Brasileira,Pipa Produções,1
2009,Velozes E Furiosos 4,Ficção,Estrangeira,Universal,269
2009,Verônica,Ficção,Brasileira,Europa,129
2009,Verônika Decide Morrer,Ficção,Estrangeira,Imagem,61
2009,Vigaristas,Ficção,Estrangeira,Paris,35
2009,Vila 21,Ficção,Estrangeira,Panda Filmes,1
2009,Vitus,Ficção,Estrangeira,Filmes Da Mostra,5
2009,"Vocês, Os Vivos",Ficção,Estrangeira,Filmes Da Mostra,3
2009,W.,Ficção,Estrangeira,Filmes Do Estação,5
2009,"Waldick, Sempre No Meu Coração",Documentário,Brasileira,Pequena Central,4
2009,Watchmen - O Filme,Ficção,Estrangeira,Paramount,240
2009,X-Men Origens: Wolverine,Ficção,Estrangeira,Fox,646
2009,Xuxa Em O Mistério De Feiurinha,Ficção,Brasileira,Playarte,215
2009,Zico Na Rede,Documentário,Brasileira,Business Telecom,2
2010,15 Anos E Meio,Ficção,Estrangeira,Pandora Filmes,3
2010,3 Homens E Uma Noite Fria,Ficção,Estrangeira,Imovision,1
2010,400 Contra 1 – A História Do Comando Vermelho,Ficção,Brasileira,Playarte,76
2010,5X Favela – Agora Por Nós Mesmos,Ficção,Brasileira,Sony/Riofilme,48
2010,72 Horas,Ficção,Estrangeira,Imagem,121
2010,A Alma Do Osso,Documentário,Brasileira,Filmes Do Rio De Janeiro,3
2010,A Bruxinha E O Dragão,Ficção,Estrangeira,Europa,4
2010,A Caixa,Ficção,Estrangeira,Imagem,49
2010,A Casa Verde,Ficção,Brasileira,Accorde Audiovisuais,12
2010,A Epidemia,Ficção,Estrangeira,Imagem,30
2010,A Estrada,Ficção,Estrangeira,Paris,62
2010,A Falta Que Me Faz,Documentário,Brasileira,Anavilhana,1
2010,A Fita Branca,Ficção,Estrangeira,Imovision,23
2010,A Guerra Dos Vizinhos,Ficção,Brasileira,Polifilmes,8
2010,A Hora Do Pesadelo,Ficção,Estrangeira,Warner,151
2010,A Jovem Rainha Vitória,Ficção,Estrangeira,Europa,36
2010,A Lenda Dos Guardiões,Animação,Estrangeira,Warner,223
2010,A Mente Que Mente,Ficção,Estrangeira,Europa,14
2010,À Moda Da Casa,Ficção,Estrangeira,Pandora Filmes,5
2010,A Origem,Ficção,Estrangeira,Warner,313
2010,À Prova De Morte,Ficção,Estrangeira,Playarte,48
2010,A Rede Social,Ficção,Estrangeira,Sony,162
2010,A Ressaca,Ficção,Estrangeira,Imagem,62
2010,A Riviera Não É Aqui,Ficção,Estrangeira,Imagem,8
2010,A Saga Crepúsculo: Eclipse,Ficção,Estrangeira,Paris,502
2010,A Sétima Alma,Ficção,Estrangeira,Imagem,60
2010,A Suprema Felicidade,Ficção,Brasileira,Paramount,166
2010,A Todo Volume,Documentário,Estrangeira,Sony,1
2010,A Última Música,Ficção,Estrangeira,Sony,25
2010,A Vida Durante A Guerra,Ficção,Estrangeira,Imagem,7
2010,Abutres,Ficção,Estrangeira,Paris,5
2010,Acácio,Documentário,Brasileira,Anavilhana,1
2010,Ah... O Amor!,Ficção,Estrangeira,Serendip,8
2010,Alice No País Das Maravilhas,Ficção,Estrangeira,Sony,492
2010,Almas À Venda,Ficção,Estrangeira,Europa,10
2010,Alvin E Os Esquilos 2,Animação,Estrangeira,Fox,384
2010,Amélia,Ficção,Estrangeira,Fox,10
2010,Amor À Distância,Ficção,Estrangeira,Warner,117
2010,Amor Extremo,Ficção,Estrangeira,Imagem,8
2010,Amor Por Acaso,Ficção,Brasileira,Playarte,65
2010,Amor Por Contrato,Ficção,Estrangeira,Califórnia,55
2010,Amor Sem Escalas,Ficção,Estrangeira,Paramount,164
2010,Antes Da Lua Cheia,Ficção,Estrangeira,Pandora Filmes,1
2010,Antes Que O Mundo Acabe,Ficção,Brasileira,Imagem,13
2010,Ao Sul Da Fronteira,Documentário,Estrangeira,Europa,19
2010,Ao Sul De Setembro,Ficção,Brasileira,Polifilmes,1
2010,"Aparecida, O Milagre",Ficção,Brasileira,Paramount,270
2010,Aproximação,Ficção,Estrangeira,Pandora Filmes,3
2010,Aquarela - As Cores De Uma Paixão,Ficção,Estrangeira,Ab Filmes,1
2010,As Cartas Psicografadas Por Chico Xavier,Documentário,Brasileira,Ciclorama Filmes,4
2010,As Crônicas De Nárnia: A Viagem Do Peregrino Da Alvorada,Ficção,Estrangeira,Fox,653
2010,As Melhores Coisas Do Mundo,Ficção,Brasileira,Warner/Riofilme,151
2010,As Múmias Do Faraó,Ficção,Estrangeira,Imagem,37
2010,Astro Boy,Animação,Estrangeira,Paris,76
2010,Atividade Paranormal 2,Ficção,Estrangeira,Paramount,167
2010,Atração Perigosa,Ficção,Estrangeira,Warner,51
2010,Atraídos Pelo Crime,Ficção,Estrangeira,Califórnia,114
2010,Avatar: Edição Especial,Ficção,Estrangeira,Fox,79
2010,B1 - Tenório Em Pequim,Documentário,Brasileira,Espaço Filmes,4
2010,Baaria - A Porta Do Vento,Ficção,Estrangeira,Paris,10
2010,Batalha Por T.E.R.A.,Animação,Estrangeira,Playarte,56
2010,Bellini E O Demônio,Ficção,Brasileira,Santa Fé Filmes,3
2010,Brilho De Uma Paixão,Ficção,Estrangeira,Playarte,29
2010,Cabeça A Prêmio,Ficção,Brasileira,Europa,19
2010,Caçador De Recompensas,Ficção,Estrangeira,Sony,136
2010,Cadê Os Morgans,Ficção,Estrangeira,Sony,61
2010,Caro Francis,Documentário,Brasileira,Imovision,1
2010,"Carros Usados, Vendedores Pirados",Ficção,Estrangeira,Europa,24
2010,Cartas Para Julieta,Ficção,Estrangeira,Paris,124
2010,Caso 39,Ficção,Estrangeira,Paramount,140
2010,Centurião,Ficção,Estrangeira,Playarte,38
2010,Cheri,Ficção,Estrangeira,Califórnia,27
2010,Chico Xavier,Ficção,Brasileira,Sony/Downtown,392
2010,Cidade De Plástico,Ficção,Brasileira,Paris,2
2010,Cildo,Documentário,Brasileira,Videofilmes,3
2010,Coco Chanel & Igor Stravinsky,Ficção,Estrangeira,Imovision,18
2010,Coincidências Do Amor,Ficção,Estrangeira,Imagem,84
2010,"Comer, Rezar E Amar",Ficção,Estrangeira,Sony,245
2010,Como Cães E Gatos 2 – A Vingança De Kitty Galore,Ficção,Estrangeira,Warner,188
2010,Como Esquecer,Ficção,Brasileira,Europa,22
2010,Como Treinar Seu Dragão,Animação,Estrangeira,Paramount,378
2010,Confusões Em Família,Ficção,Estrangeira,Imagem,3
2010,Contatos De 4º Grau,Ficção,Estrangeira,Imagem,63
2010,Contos Da Era Dourada,Ficção,Estrangeira,Imovision,2
2010,Coração Louco,Ficção,Estrangeira,Fox,15
2010,Criação,Ficção,Estrangeira,Imagem,12
2010,Cyrus,Ficção,Estrangeira,Fox,6
2010,Demônio,Ficção,Estrangeira,Universal,100
2010,"Depois De Ontem, Antes De Amanhã",Documentário,Brasileira,Vega Filmes,1
2010,Desejo E Poder,Ficção,Estrangeira,Moviemobz,1
2010,Destinos Ligados,Ficção,Estrangeira,Playarte,19
2010,Deu A Louca Nos Bichos,Ficção,Estrangeira,Paris,61
2010,Diário Perdido,Ficção,Estrangeira,Imovision,9
2010,Direito De Amar,Ficção,Estrangeira,Paris,29
2010,Doce Brasil Holandês,Documentário,Brasileira,M. Schmiedt Produções,1
2010,Dois Irmãos,Ficção,Estrangeira,Imovision,13
2010,Dupla Implacável,Ficção,Estrangeira,Playarte,172
2010,Dzi Croquettes,Documentário,Brasileira,Imovision,6
2010,Educação,Ficção,Estrangeira,Sony,13
2010,Elevado 3.5,Documentário,Brasileira,Espaço Filmes,1
2010,Elza,Documentário,Brasileira,Gávea Filmes E Produções,4
2010,Em Busca De Uma Nova Chance,Ficção,Estrangeira,Playarte,57
2010,Em Teu Nome,Ficção,Brasileira,Accorde Audiovisuais,16
2010,Encontro Explosivo,Ficção,Estrangeira,Fox,324
2010,Enfim Viúva,Ficção,Estrangeira,Pandora Filmes,8
2010,Enterrado Vivo,Ficção,Estrangeira,Califórnia,48
2010,Entre Irmãos,Ficção,Estrangeira,Imagem,60
2010,Esquadrão Classe A,Ficção,Estrangeira,Fox,256
2010,Eu E Meu Guarda-Chuva,Ficção,Brasileira,Fox,75
2010,Eu Matei Minha Mãe,Ficção,Estrangeira,Ab Filmes,3
2010,Federal,Ficção,Brasileira,Europa/Riofilme,63
2010,Filme Socialismo,Ficção,Estrangeira,Imovision,4
2010,Flor Do Deserto,Ficção,Estrangeira,Imovision,38
2010,Fluidos,Ficção,Brasileira,Polifilmes,1
2010,Fúria De Titãs,Ficção,Estrangeira,Warner,438
2010,Garfield 3D - Um Super Herói Animal,Animação,Estrangeira,Playarte,190
2010,Gente Grande,Ficção,Estrangeira,Sony,179
2010,"Godard, Truffaut E A Nouvelle Vague",Documentário,Estrangeira,Imovision,2
2010,Grêmio 10X0,Documentário,Brasileira,G7 Cinema,2
2010,Guerra Ao Terror,Ficção,Estrangeira,Imagem,42
2010,Halloween 2,Ficção,Estrangeira,Playarte,52
2010,Harry Potter E As Relíquias Da Morte - Parte 1,Ficção,Estrangeira,Warner,929
2010,High School Musical - O Desafio,Ficção,Brasileira,Sony,206
2010,Histórias De Amor Duram Apenas 90 Minutos,Ficção,Brasileira,Downtown/Riofilme,10
2010,Homens Em Fúria,Ficção,Estrangeira,Imagem,40
2010,Homens Que Encaravam Cabras,Ficção,Estrangeira,Sony,10
2010,Idas E Vindas Do Amor,Ficção,Estrangeira,Warner,158
2010,Ilha Do Medo,Ficção,Estrangeira,Paramount,188
2010,"Índia, Amor E Outras Delícias",Ficção,Estrangeira,Serendip,9
2010,Insolação,Ficção,Brasileira,Europa,3
2010,Instinto De Vingança,Ficção,Estrangeira,Playarte,43
2010,Invictus,Ficção,Estrangeira,Warner,76
2010,Jackass 3D,Ficção,Estrangeira,Paramount,94
2010,Jards Macalé - Um Morcego Na Porta Principal,Documentário,Brasileira,Moviemobz,3
2010,Jogos Mortais - O Final,Ficção,Estrangeira,Imagem,268
2010,José E Pilar,Documentário,Brasileira,Espaço Filmes,20
2010,Juntos Pelo Acaso,Ficção,Estrangeira,Warner,77
2010,Karate Kid,Ficção,Estrangeira,Sony,399
2010,Kick-Ass - Quebrando Tudo,Ficção,Estrangeira,Universal,45
2010,Lembranças,Ficção,Estrangeira,Paris,155
2010,Léo E Bia,Ficção,Brasileira,Copacabana Filmes,1
2010,Lissi E O Reino Dos Birutas,Animação,Estrangeira,Serendip,19
2010,London River - Destinos Cruzados,Ficção,Estrangeira,Califórnia,2
2010,"Lula, O Filho Do Brasil",Ficção,Brasileira,Downtown/Europa,360
2010,Luto Como Mãe,Documentário,Brasileira,Tv Zero Cinema,ND
2010,Luzes Na Escuridão,Ficção,Estrangeira,Pandora Filmes,1
2010,Machete,Ficção,Estrangeira,Sony,11
2010,Mademoiselle Chambon,Ficção,Estrangeira,Imovision,5
2010,Mais Que O Máximo,Ficção,Estrangeira,Imovision,6
2010,Maré De Azar,Ficção,Estrangeira,Paris,18
2010,Marmaduke,Ficção,Estrangeira,Fox,103
2010,Mary E Max - Uma Amizade Diferente,Animação,Estrangeira,Playarte,18
2010,Megamente,Animação,Estrangeira,Paramount,457
2010,Meu Malvado Favorito,Animação,Estrangeira,Universal,384
2010,Meu Mundo Em Perigo,Ficção,Brasileira,Vitrine Filmes,2
2010,Micmacs - Um Plano Complicado,Ficção,Estrangeira,Sony,1
2010,"Minha Terra, África",Ficção,Estrangeira,Imovision,2
2010,Minhas Mães E Meu Pai,Ficção,Estrangeira,Imagem,57
2010,Missão Quase Impossível,Ficção,Estrangeira,Imagem,88
2010,"Morgue Story - Sangue, Baiacu E Quadrinhos",Ficção,Brasileira,Moro Comunicação,1
2010,"Moscou, Bélgica",Ficção,Estrangeira,Filmes Da Mostra,4
2010,Mother - A Busca Pela Verdade,Ficção,Estrangeira,Paris,5
2010,Muita Calma Nessa Hora,Ficção,Brasileira,Europa/Riofilme,176
2010,Nanny Mcphee E As Lições Mágicas,Ficção,Estrangeira,Universal,50
2010,"Não, Minha Filha, Você Não Irá Dançar",Ficção,Estrangeira,Imovision,6
2010,Napoli Napoli Napoli,Ficção,Estrangeira,Paris,2
2010,Netto E O Domador De Cavalos,Ficção,Brasileira,Walper Ruas,2
2010,Nine,Ficção,Estrangeira,Sony,40
2010,Ninja Assassino,Ficção,Estrangeira,Warner,44
2010,No Meio Do Mundo,Documentário,Estrangeira,Pipa Produções,2
2010,Nos Embalos Da Disco,Ficção,Estrangeira,Pandora Filmes,1
2010,Nosso Lar,Ficção,Brasileira,Fox,444
2010,O Abraço Corporativo,Documentário,Brasileira,Idéia Forte,1
2010,O Amor Acontece,Ficção,Estrangeira,Playarte,128
2010,O Amor Segundo B. Schianberg,Ficção,Brasileira,Espaço Filmes,3
2010,O Aprendiz De Feiticeiro,Ficção,Estrangeira,Sony,217
2010,O Bem Amado,Ficção,Brasileira,Sony,157
2010,O Bom Coração,Ficção,Estrangeira,Imovision,6
2010,O Ciúme Mora Ao Lado,Ficção,Estrangeira,Imovision,4
2010,O Concerto,Ficção,Estrangeira,Paris,16
2010,O Escritor Fantasma,Ficção,Estrangeira,Paris,30
2010,O Estranho Em Mim,Ficção,Estrangeira,Filmes Da Mostra,5
2010,O Estudante (2010),Ficção,Estrangeira,Califórnia,6
2010,O Fada Do Dente,Ficção,Estrangeira,Fox,171
2010,O Fim Da Escuridão,Ficção,Estrangeira,Imagem,155
2010,O Garoto De Liverpool,Ficção,Estrangeira,Imagem,18
2010,O Golpista Do Ano,Ficção,Estrangeira,Imagem,50
2010,O Grão,Ficção,Brasileira,Usina Digital,2
2010,O Homem De Ferro 2,Ficção,Estrangeira,Paramount,632
2010,O Homem Que Engarrafava Nuvens,Documentário,Brasileira,Espaço Filmes,14
2010,O Inferno De Henri-Georges Clouzot,Documentário,Estrangeira,Imovision,1
2010,O Livro De Eli,Ficção,Estrangeira,Sony,196
2010,O Lobisomem,Ficção,Estrangeira,Universal,275
2010,O Louco Amor De Yves Saint Laurent,Documentário,Estrangeira,Serendip,3
2010,O Mensageiro (2010),Ficção,Estrangeira,Paris,18
2010,O Mundo Encantado De Gigi,Animação,Estrangeira,Playarte,70
2010,O Mundo Imaginário Do Dr. Parnassus,Ficção,Estrangeira,Sony,6
2010,O Pecado De Hadewijch,Ficção,Estrangeira,Imovision,3
2010,O Pequeno Nicolau,Ficção,Estrangeira,Imovision,30
2010,O Preço Da Traição,Ficção,Estrangeira,Playarte,56
2010,O Profeta,Ficção,Estrangeira,Sony,6
2010,O Que Resta Do Tempo,Ficção,Estrangeira,Imovision,8
2010,O Refúgio,Ficção,Estrangeira,Imovision,3
2010,O Segredo Dos Seus Olhos,Ficção,Estrangeira,Europa,26
2010,O Sol Do Meio-Dia,Ficção,Brasileira,Pandora Filmes,5
2010,O Solteirão,Ficção,Estrangeira,Califórnia,32
2010,O Último Exorcismo,Ficção,Estrangeira,Playarte,178
2010,O Último Mestre Do Ar,Ficção,Estrangeira,Paramount,258
2010,Oceanos,Documentário,Estrangeira,Playarte,14
2010,Olhos Azuis,Ficção,Brasileira,Imagem,20
2010,Onde Vivem Os Monstros,Ficção,Estrangeira,Warner,24
2010,Ondine,Ficção,Estrangeira,Imagem,17
2010,Os Estados Unidos Contra John Lennon,Documentário,Estrangeira,Filmes Da Mostra,6
2010,Os Famosos E Os Duendes Da Morte,Ficção,Brasileira,Warner,10
2010,Os Homens Que Não Amavam As Mulheres,Ficção,Estrangeira,Imagem,32
2010,Os Inquilinos,Ficção,Brasileira,Pandora Filmes,9
2010,Os Mercenários,Ficção,Estrangeira,Califórnia,177
2010,Os Outros Caras,Ficção,Estrangeira,Sony,68
2010,Os Vampiros Que Se Mordam,Ficção,Estrangeira,Fox,126
2010,Pachamama,Documentário,Brasileira,Videofilmes,6
2010,Pandorum,Ficção,Estrangeira,Imagem,34
2010,Pânico Na Neve,Ficção,Estrangeira,Playarte,52
2010,Par Perfeito,Ficção,Estrangeira,Imagem,120
2010,Patrick 1.5,Ficção,Estrangeira,Ab Filmes,5
2010,Pecado Da Carne,Ficção,Estrangeira,Ab Filmes,5
2010,Pecados Do Meu Pai,Documentário,Estrangeira,Serendip,4
2010,Percy Jackson E O Ladrão De Raios,Ficção,Estrangeira,Fox,280
2010,Piranha 3D,Ficção,Estrangeira,Imagem,194
2010,Plano B,Ficção,Estrangeira,Sony,142
2010,Ponyo – Uma Amizade Que Veio Do Mar,Animação,Estrangeira,Playarte,42
2010,Preciosa: Uma História De Esperança,Ficção,Estrangeira,Playarte,64
2010,Predadores,Ficção,Estrangeira,Fox,167
2010,Premonição 4,Ficção,Estrangeira,Playarte,231
2010,Príncipe Da Pérsia: As Areias Do Tempo,Ficção,Estrangeira,Sony,366
2010,Procurando Elly,Ficção,Estrangeira,Imovision,7
2010,"Programa Casé – O Que A Gente Não Inventa, Não Existe",Documentário,Brasileira,Espaço Filmes,7
2010,Quando Me Apaixono,Ficção,Estrangeira,Europa,12
2010,Querido John,Ficção,Estrangeira,Sony,33
2010,Quincas Berro D'Água,Ficção,Brasileira,Sony,107
2010,Rec 2,Ficção,Estrangeira,Playarte,53
2010,Red - Aposentados E Perigosos,Ficção,Estrangeira,Paris,208
2010,Reflexões De Um Liquidificador,Ficção,Brasileira,Bras Filmes,1
2010,Resident Evil 4: Recomeço,Ficção,Estrangeira,Sony,430
2010,"Rita Cadillac, A Lady Do Povo",Documentário,Brasileira,Espaço Filmes,9
2010,Robin Hood,Ficção,Estrangeira,Universal,414
2010,Salt,Ficção,Estrangeira,Sony,270
2010,Scott Pilgrim Contra O Mundo,Ficção,Estrangeira,Universal,3
2010,Sede De Sangue,Ficção,Estrangeira,Paris,4
2010,Segurança Nacional,Ficção,Brasileira,Europa,37
2010,Sempre Bela,Ficção,Estrangeira,Filmes Da Mostra,1
2010,Senna,Documentário,Estrangeira,Universal,111
2010,Sentimento De Culpa,Ficção,Estrangeira,Sony,5
2010,Sex And The City 2,Ficção,Estrangeira,Warner,201
2010,Sherlock Holmes,Ficção,Estrangeira,Warner,322
2010,Shrek Para Sempre,Animação,Estrangeira,Paramount,757
2010,Simplesmente Complicado,Ficção,Estrangeira,Universal,174
2010,Skyline - A Invasão,Ficção,Estrangeira,Playarte,133
2010,Só Dez Por Cento É Mentira,Documentário,Brasileira,Downtown,1
2010,Soberano – Seis Vezes São Paulo,Documentário,Brasileira,G7 Cinema,50
2010,Solo,Ficção,Brasileira,Espaço Filmes,1
2010,Solomon Kane - O Caçador De Demônios,Ficção,Estrangeira,Paris,69
2010,Sonhos Roubados,Ficção,Brasileira,Europa,29
2010,Soul Kitchen,Ficção,Estrangeira,Imovision,13
2010,Supremacia Vermelha,Documentário,Brasileira,G7 Cinema,2
2010,Surpresa Em Dobro,Ficção,Estrangeira,Sony,51
2010,"Terra Deu, Terra Come",Documentário,Brasileira,Videofilmes,3
2010,Terras,Documentário,Brasileira,Vitrine Filmes,2
2010,Tetro,Ficção,Estrangeira,Imovision,6
2010,The Big Four,Videomusical,Estrangeira,Moviemobz,8
2010,The Runaways - Garotas Do Rock,Ficção,Estrangeira,Paris,4
2010,Todo Poderoso: O Filme - 100 Anos De Timão,Documentário,Brasileira,Fox,1
2010,Toy Story 3,Animação,Estrangeira,Sony,496
2010,Tron - O Legado,Ficção,Estrangeira,Sony,493
2010,Tropa De Elite 2,Ficção,Brasileira,Zazen,733
2010,Tudo Pode Dar Certo,Ficção,Estrangeira,Califórnia,29
2010,Tulpan,Ficção,Estrangeira,Filmes Da Mostra,5
2010,Tyson,Documentário,Estrangeira,Califórnia,1
2010,Um Doce Olhar,Ficção,Estrangeira,Paris,12
2010,Um Homem Misterioso,Ficção,Estrangeira,Universal,15
2010,Um Homem Que Grita,Ficção,Estrangeira,Bonfilm,5
2010,Um Homem Sério,Ficção,Estrangeira,Universal,6
2010,Um Lugar Ao Sol,Documentário,Brasileira,Símio Filmes,1
2010,Um Mar De Aventuras 3D,Documentário,Estrangeira,Espaço Itaú De Cinema,1
2010,Um Novo Caminho,Ficção,Estrangeira,Imovision,4
2010,Um Olhar Do Paraíso,Ficção,Estrangeira,Paramount,171
2010,Um Parto De Viagem,Ficção,Estrangeira,Warner,192
2010,Um Quarto Em Roma,Ficção,Estrangeira,Imovision,2
2010,Um Sonho Possível,Ficção,Estrangeira,Warner,115
2010,Uma Mãe Em Apuros,Ficção,Estrangeira,Paris,20
2010,Uma Noite Em 67,Documentário,Brasileira,Videofilmes,22
2010,Uma Noite Fora De Série,Ficção,Estrangeira,Fox,175
2010,Utopia E Barbárie,Documentário,Brasileira,Caliban,19
2010,Vencer,Ficção,Estrangeira,Imovision,1
2010,"Viajo Porque Preciso, Volto Porque Te Amo",Ficção,Brasileira,Espaço Filmes,9
2010,Vício Frenético,Ficção,Estrangeira,Imagem,72
2010,Vida Sobre Rodas,Documentário,Brasileira,Sony,17
2010,Vidas Que Se Cruzam,Ficção,Estrangeira,Paris,20
2010,Virus,Ficção,Estrangeira,Playarte,55
2010,"Vittorio De Sica – Minha Vida, Meus Amores",Documentário,Estrangeira,Serendip,14
2010,Você Vai Conhecer O Homem Dos Seus Sonhos,Ficção,Estrangeira,Paris,72
2010,Wall Street: O Dinheiro Nunca Dorme,Ficção,Estrangeira,Fox,153
2010,Zona Verde,Ficção,Estrangeira,Universal,50
2010,Zumbilândia,Ficção,Estrangeira,Sony,47
2011,11-11-11,Ficção,Estrangeira,Vinny Filmes,226
2011,127 Horas,Ficção,Estrangeira,Fox,63
2011,180º,Ficção,Brasileira,Pandora Filmes,8
2011,2012 - Tempo De Mudança,Documentário,Estrangeira,Vitrine Filmes,2
2011,4 X Timão - A Conquista Do Tetra,Documentário,Brasileira,Fox,1
2011,A Alegria,Ficção,Brasileira,Espaço Filmes,3
2011,A Antropóloga,Ficção,Brasileira,Imagem,3
2011,A Árvore,Ficção,Estrangeira,Pandora Filmes,10
2011,A Árvore Da Vida,Ficção,Estrangeira,Imagem,61
2011,A Árvore Do Amor,Ficção,Estrangeira,Serendip,5
2011,A Casa,Ficção,Estrangeira,Playarte,12
2011,A Casa De Sandro,Documentário,Brasileira,Enquadramento Produções,2
2011,A Casa Dos Sonhos,Ficção,Estrangeira,Warner,157
2011,A Chave De Sarah,Ficção,Estrangeira,Imagem,17
2011,A Condenação,Ficção,Estrangeira,Vinny Filmes,30
2011,A Criança Da Meia-Noite,Ficção,Estrangeira,Imovision,3
2011,A Despedida,Ficção,Estrangeira,Panda Filmes,1
2011,A Falta Que Nos Move,Ficção,Brasileira,Espaço Filmes,12
2011,A Fera,Ficção,Estrangeira,Imagem,64
2011,A Fuga Da Mulher Gorila,Ficção,Brasileira,Vitrine Filmes,5
2011,A Garota Da Capa Vermelha,Ficção,Estrangeira,Warner,104
2011,A Hora Do Espanto,Ficção,Estrangeira,Disney,235
2011,A Inquilina,Ficção,Estrangeira,Paris,46
2011,À Margem Do Lixo,Documentário,Brasileira,Raiz Distribuidora,1
2011,A Minha Versão Do Amor,Ficção,Estrangeira,Califórnia,41
2011,A Missão Do Gerente De Recursos Humanos,Ficção,Estrangeira,Imovision,4
2011,A Morte E Vida De Charlie,Ficção,Estrangeira,Universal,102
2011,A Pele Que Habito,Ficção,Estrangeira,Paris,81
2011,A Saga Crepúsculo: Amanhecer - Parte 2,Ficção,Estrangeira,Paris,1.278
2011,A Serbian Film - Terror Sem Limites,Ficção,Estrangeira,Petrini,1
2011,A Última Estação (2011),Ficção,Estrangeira,Sony,1
2011,A Última Estrada Da Praia,Ficção,Brasileira,Okna Produções,ND
2011,A Viagem De Lucia,Ficção,Estrangeira,Ab Filmes,6
2011,"Adeus, Primeiro Amor",Ficção,Estrangeira,Imovision,6
2011,Água Para Elefantes,Ficção,Estrangeira,Fox,130
2011,Além Da Estrada,Ficção,Brasileira,Vitrine Filmes,11
2011,Além Da Vida,Ficção,Estrangeira,Warner,101
2011,Amanhã Nunca Mais,Ficção,Brasileira,Fox,17
2011,Amizade Colorida,Ficção,Estrangeira,Sony,201
2011,Amor A Toda Prova,Ficção,Estrangeira,Warner,131
2011,Amor E Outras Drogas,Ficção,Estrangeira,Fox,100
2011,Amor?,Ficção,Brasileira,Copacabana Filmes,12
2011,Amores Imaginários,Ficção,Estrangeira,Ab Filmes,5
2011,Animais Unidos Jamais Serão Vencidos,Animação,Estrangeira,Playarte,223
2011,Apollo 18,Ficção,Estrangeira,Playarte,184
2011,As Aventuras De Sammy,Animação,Estrangeira,Playarte,201
2011,As Canções,Documentário,Brasileira,Espaço Filmes,10
2011,As Doze Estrelas,Ficção,Brasileira,Polifilmes/Lapfilme,27
2011,As Mães De Chico Xavier,Ficção,Brasileira,Paris,441
2011,As Praias De Agnès,Documentário,Estrangeira,Filmes Do Estação,1
2011,As Viagens De Gulliver,Ficção,Estrangeira,Fox,397
2011,Assalto Ao Banco Central,Ficção,Brasileira,Fox,325
2011,Assalto Em Dose Dupla,Ficção,Estrangeira,Califórnia,42
2011,Assassino A Preço Fixo,Ficção,Estrangeira,Imagem,91
2011,Atividade Paranormal 3,Ficção,Estrangeira,Paramount,208
2011,Atividade Paranormal Em Tóquio,Ficção,Estrangeira,Playarte,102
2011,Avenida Brasília Formosa,Documentário,Brasileira,Vitrine Filmes,4
2011,Bahêa Minha Vida,Documentário,Brasileira,Paris,15
2011,Balada Triste,Ficção,Estrangeira,Serendip,4
2011,Bebês,Documentário,Estrangeira,Europa,21
2011,Belair,Documentário,Brasileira,Pipa Produções,10
2011,Besouro Verde,Ficção,Estrangeira,Sony,430
2011,Biutiful,Ficção,Estrangeira,Paris,32
2011,Bollywood Dream – O Sonho Bollywoodiano,Ficção,Brasileira,Espaço Filmes,10
2011,Borboletas Negras,Ficção,Estrangeira,Imovision,6
2011,Brasil Animado 3D,Animação,Brasileira,Imagem,188
2011,Bravura Indômita,Ficção,Estrangeira,Paramount,153
2011,Broder,Ficção,Brasileira,Sony,35
2011,Bruna Surfistinha,Ficção,Brasileira,Imagem/Riofilme,347
2011,Burlesque,Ficção,Estrangeira,Sony,104
2011,Caça Às Bruxas,Ficção,Estrangeira,Imagem,248
2011,Caminho Da Liberdade,Ficção,Estrangeira,Califórnia,31
2011,Caminho Para O Nada,Ficção,Estrangeira,Lume Produções Cinematográficas,3
2011,Capitães Da Areia,Ficção,Brasileira,Imagem,119
2011,Capitão América: O Primeiro Vingador,Ficção,Estrangeira,Paramount,560
2011,Carros 2,Animação,Estrangeira,Disney,515
2011,"Chantal Akerman, De Cá",Documentário,Brasileira,Vitrine Filmes,6
2011,Chuva,Ficção,Estrangeira,Panda Filmes,9
2011,Cilada.Com,Ficção,Brasileira,Downtown/Paris/Riofilme,389
2011,Cinco Dias Sem Nora,Ficção,Estrangeira,Esfera Produções,3
2011,Cisne Negro,Ficção,Estrangeira,Fox,175
2011,Como Arrasar Um Coração,Ficção,Estrangeira,Imovision,25
2011,Como Você Sabe,Ficção,Estrangeira,Imagem,86
2011,Compramos Um Zoológico,Ficção,Estrangeira,Fox,227
2011,Conan - O Bárbaro,Ficção,Estrangeira,Califórnia,360
2011,Confiar,Ficção,Estrangeira,Imagem,16
2011,Contágio,Ficção,Estrangeira,Warner,143
2011,Contra O Tempo,Ficção,Estrangeira,Imagem,80
2011,Contracorrente,Ficção,Estrangeira,Ab Filmes,5
2011,Copacabana,Ficção,Estrangeira,Pandora Filmes,13
2011,Cópia Fiel,Ficção,Estrangeira,Imovision,13
2011,Corações Perdidos,Ficção,Estrangeira,Imagem,12
2011,Corpos Celestes,Ficção,Brasileira,Panda Filmes,8
2011,Cortina De Fumaça,Documentário,Brasileira,Tva2 Produções,2
2011,Corumbiara,Documentário,Brasileira,Panda Filmes,1
2011,Cowboys E Aliens,Ficção,Estrangeira,Paramount,311
2011,Crítico,Documentário,Brasileira,Vitrine Filmes,4
2011,Dawson Isla 10,Ficção,Brasileira,Imagem,11
2011,De Pernas Pro Ar,Ficção,Brasileira,Downtown/Paris,346
2011,Deixe-Me Entrar,Ficção,Estrangeira,Paramount,56
2011,Desaparecidos,Ficção,Brasileira,Schürmann,17
2011,Desassossego,Ficção,Brasileira,Vitrine Filmes,5
2011,Desconhecido,Ficção,Estrangeira,Warner,101
2011,Desenrola,Ficção,Brasileira,Downtown/Riofilme,134
2011,Deu A Louca Na Chapeuzinho 2,Animação,Estrangeira,Imagem,259
2011,Diário De Um Banana 2: Rodrick É O Cara,Ficção,Estrangeira,Fox,50
2011,Diário De Uma Busca,Documentário,Brasileira,Videofilmes,2
2011,Dieta Mediterrânea,Ficção,Estrangeira,Imovision,5
2011,Doce Vingança,Ficção,Estrangeira,Paris,36
2011,Domingos,Documentário,Brasileira,Gávea Filmes E Produções,1
2011,Duas Mulheres,Ficção,Brasileira,Pipa Produções,1
2011,Dylan Dog E As Criaturas Da Noite,Ficção,Estrangeira,Playarte,64
2011,E Aí Hendrix?,Documentário,Brasileira,Polifilmes,1
2011,Elvis E Madona,Ficção,Brasileira,Pipa Produções,38
2011,Em Casa Para O Natal,Ficção,Estrangeira,Imovision,2
2011,Em Um Mundo Melhor,Ficção,Estrangeira,Califórnia,6
2011,Embargo,Ficção,Brasileira,Raiz Distribuidora,1
2011,Enrolados,Animação,Estrangeira,Sony,465
2011,Entrando Numa Fria Maior Ainda Com A Família,Ficção,Estrangeira,Paramount,263
2011,Entre Segredos E Mentiras,Ficção,Estrangeira,Imagem,12
2011,Esposa De Mentirinha,Ficção,Estrangeira,Sony,284
2011,Esses Amores,Ficção,Estrangeira,Imovision,10
2011,Estamos Juntos,Ficção,Brasileira,Imagem,43
2011,Estrada Para Ythaca,Ficção,Brasileira,Vitrine Filmes,7
2011,Estrada Real Da Cachaça,Documentário,Brasileira,Vitrine Filmes,6
2011,Estranhos Normais,Ficção,Estrangeira,Pandora Filmes,5
2011,Eu Eu Eu José Lewgoy,Documentário,Brasileira,Polifilmes,1
2011,Eu Queria Ter A Sua Vida,Ficção,Estrangeira,Universal,156
2011,Eu Sou O Número Quatro,Ficção,Estrangeira,Disney,325
2011,Faça-Me Feliz,Ficção,Estrangeira,Filmes Do Estação,2
2011,Família Braz – Dois Tempos,Documentário,Brasileira,Videofilmes,10
2011,Família Vende Tudo,Ficção,Brasileira,Playarte,154
2011,Feliz Que Minha Mãe Está Viva,Ficção,Estrangeira,Imovision,4
2011,"Filhos De João, Admirável Mundo Novo Baiano",Documentário,Brasileira,Pipa Produções,18
2011,Foo Fighters Back And Forth + Show Foo Fighters 3D,Documentário,Estrangeira,Mobz,78
2011,Fora Da Lei,Ficção,Estrangeira,Califórnia,4
2011,Forças Especiais,Ficção,Estrangeira,Playarte,21
2011,Fúria Sobre Rodas,Ficção,Estrangeira,Warner,306
2011,Gainsbourg – O Homem Que Amava As Mulheres,Ficção,Estrangeira,Imovision,11
2011,Gato De Botas,Animação,Estrangeira,Paramount,753
2011,Gêmeos - Mórbida Semelhança,Ficção,Estrangeira,F.J. Vídeo,1
2011,Gigantes De Aço,Ficção,Estrangeira,Disney,515
2011,Glee 3D O Filme,Documentário,Estrangeira,Fox,86
2011,Gnomeu E Julieta,Animação,Estrangeira,Imagem,264
2011,Gosto De Sangue,Ficção,Estrangeira,F.J. Vídeo,1
2011,Guerra Dos Sexos,Ficção,Estrangeira,Paris,7
2011,Happy Feet 2,Animação,Estrangeira,Warner,365
2011,Harry Potter E As Relíquias Da Morte – Parte 2,Ficção,Estrangeira,Warner,951
2011,Hiroshima,Ficção,Estrangeira,Lume Produções Cinematográficas,2
2011,Homens E Deuses,Ficção,Estrangeira,Imovision,11
2011,Hop,Animação,Estrangeira,Universal,330
2011,Hubble 3D,Documentário,Estrangeira,Espaço Itaú De Cinema,1
2011,Ilusões Óticas,Ficção,Estrangeira,Tucumán,3
2011,Imortais,Ficção,Estrangeira,Imagem,499
2011,Incêndios,Ficção,Estrangeira,Imovision,7
2011,Incontrolável,Ficção,Estrangeira,Fox,238
2011,Inquietos,Ficção,Estrangeira,Sony,15
2011,Invasão Do Mundo: Batalha De Los Angeles,Ficção,Estrangeira,Sony,288
2011,Inverno Da Alma,Ficção,Estrangeira,Califórnia,15
2011,Inversão,Ficção,Brasileira,Califórnia,3
2011,Isto Não É Um Filme,Documentário,Estrangeira,Imovision,1
2011,Jardim Das Folhas Sagradas,Ficção,Brasileira,Polifilmes,16
2011,Jogo De Poder,Ficção,Estrangeira,Paris,74
2011,Justin Bieber: Never Say Never,Documentário,Estrangeira,Paramount,297
2011,Kung Fu Panda 2,Animação,Estrangeira,Paramount,718
2011,Lanterna Verde,Ficção,Estrangeira,Warner,354
2011,Larry Crowne - O Amor Está De Volta,Ficção,Estrangeira,Paris,188
2011,Late Bloomers – O Amor Não Tem Fim,Ficção,Estrangeira,Serendip,25
2011,Leite E Ferro,Documentário,Brasileira,Polifilmes,2
2011,Lixo Extraordinário,Documentário,Brasileira,Downtown,11
2011,Lola (2011),Ficção,Estrangeira,Lume Produções Cinematográficas,8
2011,Lope,Ficção,Brasileira,Warner,25
2011,Loup - Uma Amizade Para Sempre,Ficção,Estrangeira,Playarte,6
2011,Malu De Bicicleta,Ficção,Brasileira,Downtown/Riofilme,33
2011,Mamonas Para Sempre,Documentário,Brasileira,Europa,34
2011,Mamute,Ficção,Estrangeira,Imovision,5
2011,Manda-Chuva O Filme,Animação,Estrangeira,Playarte,277
2011,Marcha Da Vida,Documentário,Brasileira,Europa,21
2011,Margin Call – O Dia Antes Do Fim,Ficção,Estrangeira,Paris,6
2011,Medianeras: Buenos Aires Da Era Do Amor Virtual,Ficção,Estrangeira,Imovision,9
2011,Meia-Noite Em Paris,Ficção,Estrangeira,Paris,127
2011,Melancolia,Ficção,Estrangeira,Califórnia,32
2011,Meu País,Ficção,Brasileira,Imovision,42
2011,Minhas Tardes Com Margueritte,Ficção,Estrangeira,Imovision,6
2011,Missão Madrinha De Casamento,Ficção,Estrangeira,Universal,158
2011,Missão: Impossível - Protocolo Fantasma,Ficção,Estrangeira,Paramount,605
2011,Morro Do Céu,Documentário,Brasileira,Vitrine Filmes,1
2011,Mulatas! Um Tufão Nos Quadris,Documentário,Brasileira,Carioca,3
2011,Namorados Para Sempre,Ficção,Estrangeira,Paris,63
2011,Nana Caymmi Em Rio Sonata,Documentário,Estrangeira,Imovision,6
2011,Não Me Abandone Jamais,Ficção,Estrangeira,Fox,7
2011,Não Se Pode Viver Sem Amor,Ficção,Brasileira,Pandora Filmes,11
2011,"Não Se Preocupe, Nada Vai Dar Certo",Ficção,Brasileira,Imagem,121
2011,Não Sei Como Ela Consegue,Ficção,Estrangeira,Imagem,99
2011,Não Tenha Medo Do Escuro,Ficção,Estrangeira,Vinny Filmes,111
2011,Natimorto,Ficção,Brasileira,Camisa Treze,5
2011,No Olho Da Rua,Ficção,Brasileira,Leão Filmes,6
2011,Noite De Ano Novo,Ficção,Estrangeira,Warner,164
2011,O Amor Chega Tarde,Ficção,Estrangeira,Esfera Produções,3
2011,O Casamento Do Meu Ex,Ficção,Estrangeira,Paris,11
2011,O Céu Sobre Os Ombros,Ficção,Brasileira,Vitrine Filmes,7
2011,O Dia Em Que Eu Não Nasci,Ficção,Estrangeira,Serendip,3
2011,O Discurso Do Rei,Ficção,Estrangeira,Paris,162
2011,O Filme Dos Espíritos,Ficção,Brasileira,Paris,160
2011,O Garoto Da Bicicleta,Ficção,Estrangeira,Imovision,18
2011,O Gringo,Documentário,Estrangeira,Pipa Produções,9
2011,O Guarda,Ficção,Estrangeira,Sony,4
2011,O Homem Ao Lado,Ficção,Estrangeira,Imovision,6
2011,O Homem Do Futuro,Ficção,Brasileira,Paramount,291
2011,O Mágico,Animação,Estrangeira,Playarte,12
2011,O Mineiro E O Queijo,Documentário,Brasileira,Espaço Filmes,1
2011,O Mistério Da Rua 7,Ficção,Estrangeira,Playarte,23
2011,O Noivo Da Minha Melhor Amiga,Ficção,Estrangeira,Playarte,186
2011,O Palhaço,Ficção,Brasileira,Imagem,267
2011,O Planeta Dos Macacos: A Origem,Ficção,Estrangeira,Fox,551
2011,O Poder E A Lei,Ficção,Estrangeira,Imagem,59
2011,O Preço Do Amanhã,Ficção,Estrangeira,Fox,126
2011,O Primeiro Que Disse,Ficção,Estrangeira,Imovision,5
2011,O Retorno De Johnny English,Ficção,Estrangeira,Universal,191
2011,O Retrato De Dorian Gray,Ficção,Estrangeira,Europa,28
2011,O Ritual,Ficção,Estrangeira,Warner,150
2011,O Samba Que Mora Em Mim,Documentário,Brasileira,Pandora Filmes,5
2011,O Sequestro De Um Herói,Ficção,Estrangeira,Serendip,12
2011,O Turista,Ficção,Estrangeira,Sony,267
2011,O Último Dançarino De Mao,Ficção,Estrangeira,Califórnia,7
2011,O Último Voo Do Flamingo,Ficção,Brasileira,Videofilmes,7
2011,O Vencedor,Ficção,Estrangeira,Imagem,124
2011,O Zelador Animal,Ficção,Estrangeira,Sony,232
2011,Onde Está A Felicidade?,Ficção,Brasileira,Fox,170
2011,Operação Presente,Animação,Estrangeira,Sony,243
2011,Os 3,Ficção,Brasileira,Warner,25
2011,Os Agentes Do Destino,Ficção,Estrangeira,Universal,93
2011,Os Especialistas,Ficção,Estrangeira,Imagem,157
2011,Os Monstros,Ficção,Brasileira,Vitrine Filmes,5
2011,Os Muppets,Ficção,Estrangeira,Disney,ND
2011,Os Nomes Do Amor,Ficção,Estrangeira,Vinny Filmes,20
2011,Os Pinguins Do Papai,Ficção,Estrangeira,Fox,257
2011,Os Residentes,Ficção,Brasileira,Vitrine Filmes,1
2011,Os Smurfs,Animação,Estrangeira,Sony,562
2011,Os Três Mosqueteiros,Ficção,Estrangeira,Playarte,449
2011,Outubro,Ficção,Estrangeira,Filmes Da Mostra,2
2011,Pacific,Documentário,Brasileira,Vitrine Filmes,2
2011,Padre,Ficção,Estrangeira,Sony,277
2011,Palavra Cantada 3D,Videomusical,Brasileira,Cinemark Brasil,53
2011,Pânico 4,Ficção,Estrangeira,Imagem,301
2011,Para Poucos,Ficção,Estrangeira,Imovision,1
2011,Passe Livre,Ficção,Estrangeira,Warner,151
2011,Passione,Documentário,Estrangeira,Paris,2
2011,Piratas Do Caribe: Navegando Em Águas Misteriosas,Ficção,Estrangeira,Disney,767
2011,Poema De Salvação,Ficção,Estrangeira,Canzión Filmes,ND
2011,Poesia,Ficção,Estrangeira,Imovision,3
2011,Ponto Final,Ficção,Brasileira,Pipa Produções,2
2011,Porta A Porta – A Política Em Dois Tempos,Documentário,Brasileira,Zéfiro Produções,ND
2011,Potiche: Esposa Troféu,Ficção,Estrangeira,Imovision,23
2011,Premonição 5,Ficção,Estrangeira,Warner,303
2011,Professora Sem Classe,Ficção,Estrangeira,Sony,183
2011,Pronta Para Amar,Ficção,Estrangeira,Imagem,60
2011,Pronto Para Recomeçar,Ficção,Estrangeira,Playarte,15
2011,Prova De Artista,Documentário,Brasileira,Formosa Filmes,9
2011,Qual Seu Número?,Ficção,Estrangeira,Fox,72
2011,Qualquer Gato,Ficção,Brasileira,Disney,206
2011,Que Mais Posso Querer,Ficção,Estrangeira,Petrini,5
2011,Quebradeiras,Documentário,Brasileira,Raiz Distribuidora,1
2011,Quebrando O Tabu,Documentário,Brasileira,Espaço Filmes,16
2011,Quero Matar Meu Chefe,Ficção,Estrangeira,Warner,110
2011,Rádio Nacional,Documentário,Brasileira,Business Telecom,1
2011,Rango,Animação,Estrangeira,Paramount,336
2011,Redenção,Ficção,Estrangeira,Imagem,20
2011,Reencontrando A Felicidade,Ficção,Estrangeira,Paris,50
2011,Reféns,Ficção,Estrangeira,Imagem,198
2011,Reidy – A Construção Da Utopia,Documentário,Brasileira,Espaço Filmes,11
2011,Reino Dos Felinos,Documentário,Estrangeira,Disney,28
2011,Restrepo,Documentário,Estrangeira,Europa,10
2011,Ricky,Ficção,Estrangeira,Califórnia,1
2011,Rio,Animação,Estrangeira,Fox,1.016
2011,Riscado,Ficção,Brasileira,Filmes Do Estação,5
2011,Rock Brasília - Era De Ouro,Documentário,Brasileira,Downtown,60
2011,Românticos Anônimos,Ficção,Estrangeira,Imovision,10
2011,Roubo Nas Alturas,Ficção,Estrangeira,Universal,304
2011,Santa Paciência,Ficção,Estrangeira,Imagem,16
2011,Santuário,Ficção,Estrangeira,Paris,410
2011,Saturno Em Oposição,Ficção,Estrangeira,Petrini,8
2011,"Se Beber, Não Case! 2",Ficção,Estrangeira,Warner,327
2011,"Se Não Nós, Quem?",Ficção,Estrangeira,Imovision,6
2011,Sem Limites,Ficção,Estrangeira,Imagem,122
2011,Sem Saída,Ficção,Estrangeira,Paris,359
2011,Sequestro,Documentário,Brasileira,Downtown,2
2011,Sexo Sem Compromisso,Ficção,Estrangeira,Paramount,144
2011,Simples Mortais,Ficção,Brasileira,Polifilmes,2
2011,Singularidades De Uma Rapariga Loira,Ficção,Estrangeira,Filmes Da Mostra,2
2011,Sobrenatural,Ficção,Estrangeira,Playarte,98
2011,Solidão E Fé,Documentário,Brasileira,Miração Filmes,3
2011,Splice – A Nova Espécie,Ficção,Estrangeira,Califórnia,30
2011,Submarino,Ficção,Estrangeira,Lume Produções Cinematográficas,3
2011,Sucker Punch - Mundo Surreal,Ficção,Estrangeira,Warner,183
