,Ano de Lançamento,Título da obra,Gênero,Nacionalidade da obra,Empresa distribuidora,Salas no Lançamento
767,2011,Harry Potter E As Relíquias Da Morte – Parte 2,Ficção,Estrangeira,Warner,951
438,2010,Harry Potter E As Relíquias Da Morte - Parte 1,Ficção,Estrangeira,Warner,929
175,2009,Lua Nova,Ficção,Estrangeira,Paris,841
8,2009,A Era Do Gelo 3,Animação,Estrangeira,Fox,777
868,2011,Piratas Do Caribe: Navegando Em Águas Misteriosas,Ficção,Estrangeira,Disney,767
147,2009,Harry Potter E O Enigma Do Príncipe,Ficção,Estrangeira,Warner,760
571,2010,Shrek Para Sempre,Animação,Estrangeira,Paramount,757
759,2011,Gato De Botas,Animação,Estrangeira,Paramount,753
59,2009,Avatar,Ficção,Estrangeira,Fox,738
590,2010,Tropa De Elite 2,Ficção,Brasileira,Zazen,733
784,2011,Kung Fu Panda 2,Animação,Estrangeira,Paramount,718
1,2009,2012,Ficção,Estrangeira,Sony,684
367,2010,As Crônicas De Nárnia: A Viagem Do Peregrino Da Alvorada,Ficção,Estrangeira,Fox,653
314,2009,X-Men Origens: Wolverine,Ficção,Estrangeira,Fox,646
505,2010,O Homem De Ferro 2,Ficção,Estrangeira,Paramount,632
805,2011,Missão: Impossível - Protocolo Fantasma,Ficção,Estrangeira,Paramount,605
48,2009,Anjos E Demônios,Ficção,Estrangeira,Sony,595
858,2011,Os Smurfs,Animação,Estrangeira,Sony,562
694,2011,Capitão América: O Primeiro Vingador,Ficção,Estrangeira,Paramount,560
285,2009,Transformers: A Vingança Dos Derrotados,Ficção,Estrangeira,Paramount,554
834,2011,O Planeta Dos Macacos: A Origem,Ficção,Estrangeira,Fox,551
297,2009,Uma Noite No Museu 2,Ficção,Estrangeira,Fox,515
695,2011,Carros 2,Animação,Estrangeira,Disney,515
761,2011,Gigantes De Aço,Ficção,Estrangeira,Disney,515
341,2010,A Saga Crepúsculo: Eclipse,Ficção,Estrangeira,Paris,502
773,2011,Imortais,Ficção,Estrangeira,Imagem,499
206,2009,O Exterminador Do Futuro: A Salvação,Ficção,Estrangeira,Sony,497
588,2010,Toy Story 3,Animação,Estrangeira,Sony,496
589,2010,Tron - O Legado,Ficção,Estrangeira,Sony,493
350,2010,Alice No País Das Maravilhas,Ficção,Estrangeira,Sony,492
737,2011,Enrolados,Animação,Estrangeira,Sony,465
469,2010,Megamente,Animação,Estrangeira,Paramount,457
859,2011,Os Três Mosqueteiros,Ficção,Estrangeira,Playarte,449
488,2010,Nosso Lar,Ficção,Brasileira,Fox,444
668,2011,As Mães De Chico Xavier,Ficção,Brasileira,Paris,441
431,2010,Fúria De Titãs,Ficção,Estrangeira,Warner,438
226,2009,Os Normais 2,Ficção,Brasileira,Imagem,433
681,2011,Besouro Verde,Ficção,Estrangeira,Sony,430
559,2010,Resident Evil 4: Recomeço,Ficção,Estrangeira,Sony,430
561,2010,Robin Hood,Ficção,Estrangeira,Universal,414
900,2011,Santuário,Ficção,Estrangeira,Paris,410
454,2010,Karate Kid,Ficção,Estrangeira,Sony,399
670,2011,As Viagens De Gulliver,Ficção,Estrangeira,Fox,397
389,2010,Chico Xavier,Ficção,Brasileira,Sony/Downtown,392
698,2011,Cilada.Com,Ficção,Brasileira,Downtown/Paris/Riofilme,389
470,2010,Meu Malvado Favorito,Animação,Estrangeira,Universal,384
352,2010,Alvin E Os Esquilos 2,Animação,Estrangeira,Fox,384
397,2010,Como Treinar Seu Dragão,Animação,Estrangeira,Paramount,378
186,2009,Monstros Vs Alienígenas,Animação,Estrangeira,Paramount,370
134,2009,G.I. Joe - A Origem De Cobra,Ficção,Estrangeira,Paramount,368
550,2010,Príncipe Da Pérsia: As Areias Do Tempo,Ficção,Estrangeira,Sony,366
766,2011,Happy Feet 2,Animação,Estrangeira,Warner,365
704,2011,Conan - O Bárbaro,Ficção,Estrangeira,Califórnia,360
460,2010,"Lula, O Filho Do Brasil",Ficção,Brasileira,Downtown/Europa,360
905,2011,Sem Saída,Ficção,Estrangeira,Paris,359
785,2011,Lanterna Verde,Ficção,Estrangeira,Warner,354
203,2009,O Dia Em Que A Terra Parou,Ficção,Estrangeira,Fox,354
688,2011,Bruna Surfistinha,Ficção,Brasileira,Imagem/Riofilme,347
718,2011,De Pernas Pro Ar,Ficção,Brasileira,Downtown/Paris,346
886,2011,Rango,Animação,Estrangeira,Paramount,336
770,2011,Hop,Animação,Estrangeira,Universal,330
902,2011,"Se Beber, Não Case! 2",Ficção,Estrangeira,Warner,327
748,2011,Eu Sou O Número Quatro,Ficção,Estrangeira,Disney,325
671,2011,Assalto Ao Banco Central,Ficção,Brasileira,Fox,325
420,2010,Encontro Explosivo,Ficção,Estrangeira,Fox,324
570,2010,Sherlock Holmes,Ficção,Estrangeira,Warner,322
253,2009,Se Eu Fosse Você 2,Ficção,Brasileira,Fox,315
336,2010,A Origem,Ficção,Estrangeira,Warner,313
715,2011,Cowboys E Aliens,Ficção,Estrangeira,Paramount,311
757,2011,Fúria Sobre Rodas,Ficção,Estrangeira,Warner,306
898,2011,Roubo Nas Alturas,Ficção,Estrangeira,Universal,304
300,2009,Up - Altas Aventuras,Animação,Estrangeira,Sony,304
874,2011,Premonição 5,Ficção,Estrangeira,Warner,303
129,2009,Força G,Ficção,Estrangeira,Sony,303
864,2011,Pânico 4,Ficção,Estrangeira,Imagem,301
266,2009,Star Trek,Ficção,Estrangeira,Paramount,297
783,2011,Justin Bieber: Never Say Never,Documentário,Estrangeira,Paramount,297
828,2011,O Homem Do Futuro,Ficção,Brasileira,Paramount,291
777,2011,Invasão Do Mundo: Batalha De Los Angeles,Ficção,Estrangeira,Sony,288
740,2011,Esposa De Mentirinha,Ficção,Estrangeira,Sony,284
216,2009,O Menino Da Porteira,Ficção,Brasileira,Sony,280
543,2010,Percy Jackson E O Ladrão De Raios,Ficção,Estrangeira,Fox,280
796,2011,Manda-Chuva O Filme,Animação,Estrangeira,Playarte,277
862,2011,Padre,Ficção,Estrangeira,Sony,277
509,2010,O Lobisomem,Ficção,Estrangeira,Universal,275
363,2010,"Aparecida, O Milagre",Ficção,Brasileira,Paramount,270
562,2010,Salt,Ficção,Estrangeira,Sony,270
304,2009,Velozes E Furiosos 4,Ficção,Estrangeira,Universal,269
451,2010,Jogos Mortais - O Final,Ficção,Estrangeira,Imagem,268
843,2011,O Turista,Ficção,Estrangeira,Sony,267
833,2011,O Palhaço,Ficção,Brasileira,Imagem,267
763,2011,Gnomeu E Julieta,Animação,Estrangeira,Imagem,264
738,2011,Entrando Numa Fria Maior Ainda Com A Família,Ficção,Estrangeira,Paramount,263
724,2011,Deu A Louca Na Chapeuzinho 2,Animação,Estrangeira,Imagem,259
524,2010,O Último Mestre Do Ar,Ficção,Estrangeira,Paramount,258
856,2011,Os Pinguins Do Papai,Ficção,Estrangeira,Fox,257
424,2010,Esquadrão Classe A,Ficção,Estrangeira,Fox,256
21,2009,A Pantera Cor De Rosa 2,Ficção,Estrangeira,Sony,253
690,2011,Caça Às Bruxas,Ficção,Estrangeira,Imagem,248
56,2009,Atividade Paranormal,Ficção,Estrangeira,Playarte,247
394,2010,"Comer, Rezar E Amar",Ficção,Estrangeira,Sony,245
849,2011,Operação Presente,Animação,Estrangeira,Sony,243
313,2009,Watchmen - O Filme,Ficção,Estrangeira,Paramount,240
775,2011,Incontrolável,Ficção,Estrangeira,Fox,238
641,2011,A Hora Do Espanto,Ficção,Estrangeira,Disney,235
223,2009,Operação Valquíria,Ficção,Estrangeira,Fox,233
847,2011,O Zelador Animal,Ficção,Estrangeira,Sony,232
181,2009,Michael Jackson This Is It,Documentário,Estrangeira,Sony,231
549,2010,Premonição 4,Ficção,Estrangeira,Playarte,231
703,2011,Compramos Um Zoológico,Ficção,Estrangeira,Fox,227
620,2011,11-11-11,Ficção,Estrangeira,Vinny Filmes,226
663,2011,Animais Unidos Jamais Serão Vencidos,Animação,Estrangeira,Playarte,223
333,2010,A Lenda Dos Guardiões,Animação,Estrangeira,Warner,223
18,2009,A Mulher Invisível,Ficção,Brasileira,Warner,220
288,2009,Um Faz De Conta Que Acontece,Ficção,Estrangeira,Sony,218
24,2009,A Princesa E O Sapo,Animação,Estrangeira,Sony,217
157,2009,Inimigos Públicos,Ficção,Estrangeira,Universal,217
492,2010,O Aprendiz De Feiticeiro,Ficção,Estrangeira,Sony,217
315,2009,Xuxa Em O Mistério De Feiurinha,Ficção,Brasileira,Playarte,215
674,2011,Atividade Paranormal 3,Ficção,Estrangeira,Paramount,208
242,2009,Presságio,Ficção,Estrangeira,Paris,208
557,2010,Red - Aposentados E Perigosos,Ficção,Estrangeira,Paris,208
439,2010,High School Musical - O Desafio,Ficção,Brasileira,Sony,206
880,2011,Qualquer Gato,Ficção,Brasileira,Disney,206
252,2009,"Se Beber, Não Case!",Ficção,Estrangeira,Warner,204
97,2009,Distrito 9,Ficção,Estrangeira,Sony,204
164,2009,Jogos Mortais 6,Ficção,Estrangeira,Sony,204
201,2009,O Curioso Caso De Benjamin Button,Ficção,Estrangeira,Warner,202
569,2010,Sex And The City 2,Ficção,Estrangeira,Warner,201
658,2011,Amizade Colorida,Ficção,Estrangeira,Sony,201
665,2011,As Aventuras De Sammy,Animação,Estrangeira,Playarte,201
889,2011,Reféns,Ficção,Estrangeira,Imagem,198
508,2010,O Livro De Eli,Ficção,Estrangeira,Sony,196
53,2009,Arraste-Me Para O Inferno,Ficção,Estrangeira,Universal,196
544,2010,Piranha 3D,Ficção,Estrangeira,Imagem,194
602,2010,Um Parto De Viagem,Ficção,Estrangeira,Warner,192
245,2009,Quem Quer Ser Um Milionário?,Ficção,Estrangeira,Europa,191
838,2011,O Retorno De Johnny English,Ficção,Estrangeira,Universal,191
432,2010,Garfield 3D - Um Super Herói Animal,Animação,Estrangeira,Playarte,190
58,2009,Austrália,Ficção,Estrangeira,Fox,190
395,2010,Como Cães E Gatos 2 – A Vingança De Kitty Galore,Ficção,Estrangeira,Warner,188
444,2010,Ilha Do Medo,Ficção,Estrangeira,Paramount,188
685,2011,Brasil Animado 3D,Animação,Brasileira,Imagem,188
786,2011,Larry Crowne - O Amor Está De Volta,Ficção,Estrangeira,Paris,188
251,2009,Salve Geral,Ficção,Brasileira,Sony/Downtown,186
832,2011,O Noivo Da Minha Melhor Amiga,Ficção,Estrangeira,Playarte,186
664,2011,Apollo 18,Ficção,Estrangeira,Playarte,184
875,2011,Professora Sem Classe,Ficção,Estrangeira,Sony,183
220,2009,O Sequestro Do Metrô 123,Ficção,Estrangeira,Sony,183
914,2011,Sucker Punch - Mundo Surreal,Ficção,Estrangeira,Warner,183
270,2009,Tá Chovendo Hamburger,Animação,Estrangeira,Sony,182
257,2009,Sempre Ao Seu Lado,Ficção,Estrangeira,Imagem,181
433,2010,Gente Grande,Ficção,Estrangeira,Sony,179
523,2010,O Último Exorcismo,Ficção,Estrangeira,Playarte,178
146,2009,Hannah Montana - O Filme,Ficção,Estrangeira,Sony,177
533,2010,Os Mercenários,Ficção,Estrangeira,Califórnia,177
479,2010,Muita Calma Nessa Hora,Ficção,Brasileira,Europa/Riofilme,176
607,2010,Uma Noite Fora De Série,Ficção,Estrangeira,Fox,175
700,2011,Cisne Negro,Ficção,Estrangeira,Fox,175
62,2009,Bastardos Inglórios,Ficção,Estrangeira,Universal,175
572,2010,Simplesmente Complicado,Ficção,Estrangeira,Universal,174
26,2009,A Proposta,Ficção,Estrangeira,Sony,173
413,2010,Dupla Implacável,Ficção,Estrangeira,Playarte,172
500,2010,O Fada Do Dente,Ficção,Estrangeira,Fox,171
601,2010,Um Olhar Do Paraíso,Ficção,Estrangeira,Paramount,171
238,2009,Planeta 51,Animação,Estrangeira,Imagem,170
848,2011,Onde Está A Felicidade?,Ficção,Brasileira,Fox,170
30,2009,A Verdade Nua E Crua,Ficção,Estrangeira,Sony,168
548,2010,Predadores,Ficção,Estrangeira,Fox,167
161,2009,Jean Charles,Ficção,Brasileira,Imagem,167
371,2010,Atividade Paranormal 2,Ficção,Estrangeira,Paramount,167
111,2009,Encontro De Casais,Ficção,Estrangeira,Universal,166
343,2010,A Suprema Felicidade,Ficção,Brasileira,Paramount,166
47,2009,Anjos Da Noite - A Rebelião,Ficção,Estrangeira,Sony,165
817,2011,Noite De Ano Novo,Ficção,Estrangeira,Warner,164
358,2010,Amor Sem Escalas,Ficção,Estrangeira,Paramount,164
260,2009,Sexta-Feira 13,Ficção,Estrangeira,Paramount,162
192,2009,Noivas Em Guerra,Ficção,Estrangeira,Fox,162
822,2011,O Discurso Do Rei,Ficção,Estrangeira,Paris,162
338,2010,A Rede Social,Ficção,Estrangeira,Sony,162
87,2009,Coraline E O Mundo Secreto,Animação,Estrangeira,Universal,160
823,2011,O Filme Dos Espíritos,Ficção,Brasileira,Paris,160
804,2011,Missão Madrinha De Casamento,Ficção,Estrangeira,Universal,158
443,2010,Idas E Vindas Do Amor,Ficção,Estrangeira,Warner,158
493,2010,O Bem Amado,Ficção,Brasileira,Sony,157
632,2011,A Casa Dos Sonhos,Ficção,Estrangeira,Warner,157
852,2011,Os Especialistas,Ficção,Estrangeira,Imagem,157
747,2011,Eu Queria Ter A Sua Vida,Ficção,Estrangeira,Universal,156
456,2010,Lembranças,Ficção,Estrangeira,Paris,155
501,2010,O Fim Da Escuridão,Ficção,Estrangeira,Imagem,155
103,2009,Dragonball Evolution,Ficção,Estrangeira,Fox,155
751,2011,Família Vende Tudo,Ficção,Brasileira,Playarte,154
617,2010,Wall Street: O Dinheiro Nunca Dorme,Ficção,Estrangeira,Fox,153
269,2009,Surpresas Do Amor,Ficção,Estrangeira,Playarte,153
686,2011,Bravura Indômita,Ficção,Estrangeira,Paramount,153
261,2009,Sim Senhor,Ficção,Estrangeira,Warner,152
866,2011,Passe Livre,Ficção,Estrangeira,Warner,151
331,2010,A Hora Do Pesadelo,Ficção,Estrangeira,Warner,151
368,2010,As Melhores Coisas Do Mundo,Ficção,Brasileira,Warner/Riofilme,151
840,2011,O Ritual,Ficção,Estrangeira,Warner,150
94,2009,Dezessete Outra Vez,Ficção,Estrangeira,Playarte,147
67,2009,Besouro,Ficção,Brasileira,Sony,145
108,2009,Ele Não Está Tão Afim,Ficção,Estrangeira,Playarte,145
907,2011,Sexo Sem Compromisso,Ficção,Estrangeira,Paramount,144
706,2011,Contágio,Ficção,Estrangeira,Warner,143
545,2010,Plano B,Ficção,Estrangeira,Sony,142
178,2009,Matadores De Vampiras Lésbicas,Ficção,Estrangeira,Imagem,141
386,2010,Caso 39,Ficção,Estrangeira,Paramount,140
121,2009,Evocando Espíritos,Ficção,Estrangeira,Imagem,139
229,2009,Pagando Bem Que Mal Tem?,Ficção,Estrangeira,Imagem,139
271,2009,Te Amarei Para Sempre,Ficção,Estrangeira,Playarte,138
5,2009,9 - A Salvação,Animação,Estrangeira,Playarte,138
95,2009,Dia Dos Namorados Macabro 3D,Ficção,Estrangeira,Playarte,137
98,2009,Divã,Ficção,Brasileira,Downtown/Riofilme,137
381,2010,Caçador De Recompensas,Ficção,Estrangeira,Sony,136
723,2011,Desenrola,Ficção,Brasileira,Downtown/Riofilme,134
573,2010,Skyline - A Invasão,Ficção,Estrangeira,Playarte,133
290,2009,Um Hotel Bom Pra Cachorro,Ficção,Estrangeira,Paramount,133
119,2009,Eu Odeio O Dia Dos Namorados,Ficção,Estrangeira,Playarte,132
83,2009,Código De Conduta,Ficção,Estrangeira,Imagem,132
659,2011,Amor A Toda Prova,Ficção,Estrangeira,Warner,131
654,2011,Água Para Elefantes,Ficção,Estrangeira,Fox,130
200,2009,O Corajoso Ratinho Despereaux,Animação,Estrangeira,Universal,130
305,2009,Verônica,Ficção,Brasileira,Europa,129
490,2010,O Amor Acontece,Ficção,Estrangeira,Playarte,128
800,2011,Meia-Noite Em Paris,Ficção,Estrangeira,Paris,127
836,2011,O Preço Do Amanhã,Ficção,Estrangeira,Fox,126
535,2010,Os Vampiros Que Se Mordam,Ficção,Estrangeira,Fox,126
846,2011,O Vencedor,Ficção,Estrangeira,Imagem,124
385,2010,Cartas Para Julieta,Ficção,Estrangeira,Paris,124
184,2009,Minhas Adoráveis Ex-Namoradas,Ficção,Estrangeira,Playarte,124
177,2009,Marido Por Acaso,Ficção,Estrangeira,Playarte,123
904,2011,Sem Limites,Ficção,Estrangeira,Imagem,122
211,2009,O Grilo Feliz E Os Insetos Gigantes,Animação,Brasileira,Fox,122
321,2010,72 Horas,Ficção,Estrangeira,Imagem,121
812,2011,"Não Se Preocupe, Nada Vai Dar Certo",Ficção,Brasileira,Imagem,121
41,2009,Alma Perdida,Ficção,Estrangeira,Universal,120
539,2010,Par Perfeito,Ficção,Estrangeira,Imagem,120
123,2009,Falando Grego,Ficção,Estrangeira,Imagem,120
693,2011,Capitães Da Areia,Ficção,Brasileira,Imagem,119
268,2009,Substitutos,Ficção,Estrangeira,Sony,119
354,2010,Amor À Distância,Ficção,Estrangeira,Warner,117
604,2010,Um Sonho Possível,Ficção,Estrangeira,Warner,115
158,2009,Intrigas De Estado,Ficção,Estrangeira,Universal,115
373,2010,Atraídos Pelo Crime,Ficção,Estrangeira,Califórnia,114
567,2010,Senna,Documentário,Estrangeira,Universal,111
814,2011,Não Tenha Medo Do Escuro,Ficção,Estrangeira,Vinny Filmes,111
11,2009,A Festa Do Garfield,Animação,Estrangeira,Playarte,110
884,2011,Quero Matar Meu Chefe,Ficção,Estrangeira,Warner,110
555,2010,Quincas Berro D'Água,Ficção,Brasileira,Sony,107
142,2009,Gran Torino,Ficção,Estrangeira,Warner,105
144,2009,Halloween - O Início,Ficção,Estrangeira,Playarte,104
16,2009,A Montanha Enfeitiçada,Ficção,Estrangeira,Sony,104
640,2011,A Garota Da Capa Vermelha,Ficção,Estrangeira,Warner,104
689,2011,Burlesque,Ficção,Estrangeira,Sony,104
467,2010,Marmaduke,Ficção,Estrangeira,Fox,103
646,2011,A Morte E Vida De Charlie,Ficção,Estrangeira,Universal,102
675,2011,Atividade Paranormal Em Tóquio,Ficção,Estrangeira,Playarte,102
244,2009,Quarentena,Ficção,Estrangeira,Sony,102
656,2011,Além Da Vida,Ficção,Estrangeira,Warner,101
163,2009,Jogo Entre Ladrões,Ficção,Estrangeira,Imagem,101
722,2011,Desconhecido,Ficção,Estrangeira,Warner,101
135,2009,Gamer,Ficção,Estrangeira,Imagem,100
660,2011,Amor E Outras Drogas,Ficção,Estrangeira,Fox,100
404,2010,Demônio,Ficção,Estrangeira,Universal,100
813,2011,Não Sei Como Ela Consegue,Ficção,Estrangeira,Imagem,99
29,2009,A Troca,Ficção,Estrangeira,Universal,98
910,2011,Sobrenatural,Ficção,Estrangeira,Playarte,98
449,2010,Jackass 3D,Ficção,Estrangeira,Paramount,94
851,2011,Os Agentes Do Destino,Ficção,Estrangeira,Universal,93
199,2009,O Contador De Histórias,Ficção,Brasileira,Warner,93
280,2009,Tô De Férias,Animação,Estrangeira,Paris,91
102,2009,Donkey Xote,Animação,Estrangeira,Imagem,91
673,2011,Assassino A Preço Fixo,Ficção,Estrangeira,Imagem,91
298,2009,Uma Prova De Amor,Ficção,Estrangeira,Playarte,89
71,2009,Bruno,Ficção,Estrangeira,Sony,89
475,2010,Missão Quase Impossível,Ficção,Estrangeira,Imagem,88
124,2009,Fama,Ficção,Estrangeira,Playarte,88
702,2011,Como Você Sabe,Ficção,Estrangeira,Imagem,86
762,2011,Glee 3D O Filme,Documentário,Estrangeira,Fox,86
194,2009,Novidades No Amor,Ficção,Estrangeira,Imagem,85
393,2010,Coincidências Do Amor,Ficção,Estrangeira,Imagem,84
236,2009,Pequenos Invasores,Ficção,Estrangeira,Fox,82
107,2009,Efeito Borboleta: Revelação,Ficção,Estrangeira,Imagem,81
647,2011,A Pele Que Habito,Ficção,Estrangeira,Paris,81
120,2009,"Eu Te Amo, Cara",Ficção,Estrangeira,Paramount,81
150,2009,High School Band,Ficção,Estrangeira,Paris,81
228,2009,Pacto Secreto,Ficção,Estrangeira,Paris,80
130,2009,Força Policial,Ficção,Estrangeira,Playarte,80
707,2011,Contra O Tempo,Ficção,Estrangeira,Imagem,80
128,2009,Foi Apenas Um Sonho,Ficção,Estrangeira,Paramount,80
61,2009,Barry & A Banda Das Minhocas,Animação,Estrangeira,Imagem,79
374,2010,Avatar: Edição Especial,Ficção,Estrangeira,Fox,79
92,2009,Delírios De Consumo De Becky Bloom,Ficção,Estrangeira,Sony,78
754,2011,Foo Fighters Back And Forth + Show Foo Fighters 3D,Documentário,Estrangeira,Mobz,78
277,2009,The Spirit - O Filme,Ficção,Estrangeira,Sony,77
453,2010,Juntos Pelo Acaso,Ficção,Estrangeira,Warner,77
319,2010,400 Contra 1 – A História Do Comando Vermelho,Ficção,Brasileira,Playarte,76
448,2010,Invictus,Ficção,Estrangeira,Warner,76
20,2009,A Órfã,Ficção,Estrangeira,Warner,76
110,2009,Embarque Imediato,Ficção,Brasileira,Europa/Riofilme,76
370,2010,Astro Boy,Animação,Estrangeira,Paris,76
425,2010,Eu E Meu Guarda-Chuva,Ficção,Brasileira,Fox,75
782,2011,Jogo De Poder,Ficção,Estrangeira,Paris,74
233,2009,Passageiros,Ficção,Estrangeira,Imagem,74
611,2010,Vício Frenético,Ficção,Estrangeira,Imagem,72
616,2010,Você Vai Conhecer O Homem Dos Seus Sonhos,Ficção,Estrangeira,Paris,72
879,2011,Qual Seu Número?,Ficção,Estrangeira,Fox,72
34,2009,Abraços Partidos,Ficção,Estrangeira,Universal,70
512,2010,O Mundo Encantado De Gigi,Animação,Estrangeira,Playarte,70
577,2010,Solomon Kane - O Caçador De Demônios,Ficção,Estrangeira,Paris,69
214,2009,O Leitor,Ficção,Estrangeira,Imagem,68
534,2010,Os Outros Caras,Ficção,Estrangeira,Sony,68
166,2009,Juízo Final,Ficção,Estrangeira,Europa,67
149,2009,Heróis,Ficção,Estrangeira,Paris,66
284,2009,Trama Internacional,Ficção,Estrangeira,Sony,65
356,2010,Amor Por Acaso,Ficção,Brasileira,Playarte,65
731,2011,Dylan Dog E As Criaturas Da Noite,Ficção,Estrangeira,Playarte,64
547,2010,Preciosa: Uma História De Esperança,Ficção,Estrangeira,Playarte,64
638,2011,A Fera,Ficção,Estrangeira,Imagem,64
237,2009,Perdido Pra Cachorro,Ficção,Estrangeira,Sony,64
808,2011,Namorados Para Sempre,Ficção,Estrangeira,Paris,63
427,2010,Federal,Ficção,Brasileira,Europa/Riofilme,63
399,2010,Contatos De 4º Grau,Ficção,Estrangeira,Imagem,63
621,2011,127 Horas,Ficção,Estrangeira,Fox,63
327,2010,A Estrada,Ficção,Estrangeira,Paris,62
210,2009,O Golfinho - A História De Um Sonhador,Animação,Estrangeira,Fox,62
339,2010,A Ressaca,Ficção,Estrangeira,Imagem,62
408,2010,Deu A Louca Nos Bichos,Ficção,Estrangeira,Paris,61
382,2010,Cadê Os Morgans,Ficção,Estrangeira,Sony,61
60,2009,Aventuras Do Surf Ii,Documentário,Brasileira,Universal,61
628,2011,A Árvore Da Vida,Ficção,Estrangeira,Imagem,61
306,2009,Verônika Decide Morrer,Ficção,Estrangeira,Imagem,61
423,2010,Entre Irmãos,Ficção,Estrangeira,Imagem,60
896,2011,Rock Brasília - Era De Ouro,Documentário,Brasileira,Downtown,60
23,2009,A Pedra Mágica,Ficção,Estrangeira,Warner,60
259,2009,Sex Drive: Rumo Ao Sexo,Ficção,Estrangeira,Paris,60
342,2010,A Sétima Alma,Ficção,Estrangeira,Imagem,60
876,2011,Pronta Para Amar,Ficção,Estrangeira,Imagem,60
835,2011,O Poder E A Lei,Ficção,Estrangeira,Imagem,59
43,2009,"Alô, Alô, Terezinha!",Documentário,Brasileira,Imovision,58
418,2010,Em Busca De Uma Nova Chance,Ficção,Estrangeira,Playarte,57
474,2010,Minhas Mães E Meu Pai,Ficção,Estrangeira,Imagem,57
377,2010,Batalha Por T.E.R.A.,Animação,Estrangeira,Playarte,56
516,2010,O Preço Da Traição,Ficção,Estrangeira,Playarte,56
719,2011,Deixe-Me Entrar,Ficção,Estrangeira,Paramount,56
357,2010,Amor Por Contrato,Ficção,Estrangeira,Califórnia,55
614,2010,Virus,Ficção,Estrangeira,Playarte,55
167,2009,Julie E Julia,Ficção,Estrangeira,Sony,54
556,2010,Rec 2,Ficção,Estrangeira,Playarte,53
863,2011,Palavra Cantada 3D,Videomusical,Brasileira,Cinemark Brasil,53
437,2010,Halloween 2,Ficção,Estrangeira,Playarte,52
538,2010,Pânico Na Neve,Ficção,Estrangeira,Playarte,52
215,2009,O Lutador,Ficção,Estrangeira,Paris,52
272,2009,Tempos De Paz,Ficção,Brasileira,Downtown,51
372,2010,Atração Perigosa,Ficção,Estrangeira,Warner,51
581,2010,Surpresa Em Dobro,Ficção,Estrangeira,Sony,51
104,2009,Duplicidade,Ficção,Estrangeira,Universal,50
165,2009,Jonas Brothers 3D: O Show,Documentário,Estrangeira,Sony,50
503,2010,O Golpista Do Ano,Ficção,Estrangeira,Imagem,50
618,2010,Zona Verde,Ficção,Estrangeira,Universal,50
575,2010,Soberano – Seis Vezes São Paulo,Documentário,Brasileira,G7 Cinema,50
480,2010,Nanny Mcphee E As Lições Mágicas,Ficção,Estrangeira,Universal,50
183,2009,Milk - A Voz Da Igualdade,Ficção,Estrangeira,Universal,50
888,2011,Reencontrando A Felicidade,Ficção,Estrangeira,Paris,50
725,2011,Diário De Um Banana 2: Rodrick É O Cara,Ficção,Estrangeira,Fox,50
44,2009,Amantes,Ficção,Estrangeira,Playarte,50
162,2009,Jogando Com Prazer,Ficção,Estrangeira,Imagem,50
276,2009,Terror Na Antártida,Ficção,Estrangeira,Warner,49
324,2010,A Caixa,Ficção,Estrangeira,Imagem,49
246,2009,Recém Chegada,Ficção,Estrangeira,Imagem,49
249,2009,Romeu: O Vira-Lata Atrapalhado,Animação,Estrangeira,Paris,49
320,2010,5X Favela – Agora Por Nós Mesmos,Ficção,Brasileira,Sony/Riofilme,48
337,2010,À Prova De Morte,Ficção,Estrangeira,Playarte,48
422,2010,Enterrado Vivo,Ficção,Estrangeira,Califórnia,48
160,2009,Iron Maiden: Flight 666,Documentário,Estrangeira,Moviemobz,47
619,2010,Zumbilândia,Ficção,Estrangeira,Sony,47
137,2009,Garota Infernal,Ficção,Estrangeira,Fox,46
642,2011,A Inquilina,Ficção,Estrangeira,Paris,46
455,2010,Kick-Ass - Quebrando Tudo,Ficção,Estrangeira,Universal,45
485,2010,Ninja Assassino,Ficção,Estrangeira,Warner,44
742,2011,Estamos Juntos,Ficção,Brasileira,Imagem,43
447,2010,Instinto De Vingança,Ficção,Estrangeira,Playarte,43
546,2010,Ponyo – Uma Amizade Que Veio Do Mar,Animação,Estrangeira,Playarte,42
436,2010,Guerra Ao Terror,Ficção,Estrangeira,Imagem,42
286,2009,Um Ato De Liberdade,Ficção,Estrangeira,Flashstar Filmes,42
672,2011,Assalto Em Dose Dupla,Ficção,Estrangeira,Califórnia,42
106,2009,É Proibido Fumar,Ficção,Brasileira,Playarte,42
802,2011,Meu País,Ficção,Brasileira,Imovision,42
6,2009,À Deriva,Ficção,Brasileira,Universal,41
644,2011,A Minha Versão Do Amor,Ficção,Estrangeira,Califórnia,41
225,2009,Os Fantasmas De Scrooge,Animação,Estrangeira,Sony,41
127,2009,Flordelis - Basta Uma Palavra Para Mudar,Ficção,Brasileira,Serendip/Art Films,41
441,2010,Homens Em Fúria,Ficção,Estrangeira,Imagem,40
275,2009,Território Restrito,Ficção,Estrangeira,Imagem,40
484,2010,Nine,Ficção,Estrangeira,Sony,40
240,2009,Por Amor,Ficção,Estrangeira,Imagem,40
72,2009,Budapeste,Ficção,Brasileira,Imagem,40
387,2010,Centurião,Ficção,Estrangeira,Playarte,38
733,2011,Elvis E Madona,Ficção,Brasileira,Pipa Produções,38
429,2010,Flor Do Deserto,Ficção,Estrangeira,Imovision,38
4,2009,500 Dias Com Ela,Ficção,Estrangeira,Fox,37
565,2010,Segurança Nacional,Ficção,Brasileira,Europa,37
369,2010,As Múmias Do Faraó,Ficção,Estrangeira,Imagem,37
170,2009,Killshot - Tiro Certo,Ficção,Estrangeira,Playarte,37
728,2011,Doce Vingança,Ficção,Estrangeira,Paris,36
105,2009,Dúvida,Ficção,Estrangeira,Sony,36
332,2010,A Jovem Rainha Vitória,Ficção,Estrangeira,Europa,36
307,2009,Vigaristas,Ficção,Estrangeira,Paris,35
687,2011,Broder,Ficção,Brasileira,Sony,35
537,2010,Pandorum,Ficção,Estrangeira,Imagem,34
77,2009,Che 2 - A Guerrilha,Ficção,Estrangeira,Europa,34
76,2009,Che,Ficção,Estrangeira,Europa,34
794,2011,Mamonas Para Sempre,Documentário,Brasileira,Europa,34
793,2011,Malu De Bicicleta,Ficção,Brasileira,Downtown/Riofilme,33
287,2009,Um Cara Muito Louco...Apaixonado,Ficção,Estrangeira,Califórnia,33
115,2009,Entre Os Muros Da Escola,Ficção,Estrangeira,Imovision,33
554,2010,Querido John,Ficção,Estrangeira,Sony,33
801,2011,Melancolia,Ficção,Estrangeira,Califórnia,32
531,2010,Os Homens Que Não Amavam As Mulheres,Ficção,Estrangeira,Imagem,32
196,2009,O Amor Pede Passagem,Ficção,Estrangeira,Imagem,32
522,2010,O Solteirão,Ficção,Estrangeira,Califórnia,32
682,2011,Biutiful,Ficção,Estrangeira,Paris,32
202,2009,O Desinformante,Ficção,Estrangeira,Warner,32
691,2011,Caminho Da Liberdade,Ficção,Estrangeira,Califórnia,31
634,2011,A Condenação,Ficção,Estrangeira,Vinny Filmes,30
28,2009,A Trilha,Ficção,Estrangeira,Imagem,30
278,2009,Tinha Que Ser Você,Ficção,Estrangeira,Imagem,30
515,2010,O Pequeno Nicolau,Ficção,Estrangeira,Imovision,30
326,2010,A Epidemia,Ficção,Estrangeira,Imagem,30
273,2009,Terra,Documentário,Estrangeira,Sony,30
497,2010,O Escritor Fantasma,Ficção,Estrangeira,Paris,30
912,2011,Splice – A Nova Espécie,Ficção,Estrangeira,Califórnia,30
379,2010,Brilho De Uma Paixão,Ficção,Estrangeira,Playarte,29
410,2010,Direito De Amar,Ficção,Estrangeira,Paris,29
80,2009,Cine Cocoricó: As Aventuras Na Cidade,Ficção,Brasileira,Moviemobz,29
578,2010,Sonhos Roubados,Ficção,Brasileira,Europa,29
591,2010,Tudo Pode Dar Certo,Ficção,Estrangeira,Califórnia,29
148,2009,Herbert De Perto,Documentário,Brasileira,Imagem,29
839,2011,O Retrato De Dorian Gray,Ficção,Estrangeira,Europa,28
151,2009,"Home - Nosso Planeta, Nossa Casa",Documentário,Estrangeira,Europa,28
891,2011,Reino Dos Felinos,Documentário,Estrangeira,Disney,28
667,2011,As Doze Estrelas,Ficção,Brasileira,Polifilmes/Lapfilme,27
388,2010,Cheri,Ficção,Estrangeira,Califórnia,27
224,2009,Os Falsários,Ficção,Estrangeira,Europa,27
520,2010,O Segredo Dos Seus Olhos,Ficção,Estrangeira,Europa,26
96,2009,Diário Proibido,Ficção,Estrangeira,Playarte,26
125,2009,Fiel - O Filme,Documentário,Brasileira,G7 Cinema,25
791,2011,Lope,Ficção,Brasileira,Warner,25
850,2011,Os 3,Ficção,Brasileira,Warner,25
701,2011,Como Arrasar Um Coração,Ficção,Estrangeira,Imovision,25
345,2010,A Última Música,Ficção,Estrangeira,Sony,25
84,2009,Confissões De Uma Garota De Programa,Ficção,Estrangeira,Paris,25
787,2011,Late Bloomers – O Amor Não Tem Fim,Ficção,Estrangeira,Serendip,25
221,2009,O Solista,Ficção,Estrangeira,Universal,25
527,2010,Onde Vivem Os Monstros,Ficção,Estrangeira,Warner,24
262,2009,Simonal - Ninguém Sabe O Duro Que Dei,Documentário,Brasileira,Moviemobz/Riofilme,24
384,2010,"Carros Usados, Vendedores Pirados",Ficção,Estrangeira,Europa,24
329,2010,A Fita Branca,Ficção,Estrangeira,Imovision,23
873,2011,Potiche: Esposa Troféu,Ficção,Estrangeira,Imovision,23
831,2011,O Mistério Da Rua 7,Ficção,Estrangeira,Playarte,23
396,2010,Como Esquecer,Ficção,Brasileira,Europa,22
213,2009,O Guerreiro Genghis Khan,Ficção,Estrangeira,Europa,22
154,2009,Hotel Atlântico,Ficção,Brasileira,Espaço Filmes,22
606,2010,Uma Noite Em 67,Documentário,Brasileira,Videofilmes,22
797,2011,Marcha Da Vida,Documentário,Brasileira,Europa,21
756,2011,Forças Especiais,Ficção,Estrangeira,Playarte,21
679,2011,Bebês,Documentário,Estrangeira,Europa,21
887,2011,Redenção,Ficção,Estrangeira,Imagem,20
65,2009,Bela Noite Para Voar,Ficção,Brasileira,Universal,20
605,2010,Uma Mãe Em Apuros,Ficção,Estrangeira,Paris,20
855,2011,Os Nomes Do Amor,Ficção,Estrangeira,Vinny Filmes,20
263,2009,Simplesmente Feliz,Ficção,Estrangeira,Imagem,20
526,2010,Olhos Azuis,Ficção,Brasileira,Imagem,20
613,2010,Vidas Que Se Cruzam,Ficção,Estrangeira,Paris,20
452,2010,José E Pilar,Documentário,Brasileira,Espaço Filmes,20
608,2010,Utopia E Barbárie,Documentário,Brasileira,Caliban,19
380,2010,Cabeça A Prêmio,Ficção,Brasileira,Europa,19
361,2010,Ao Sul Da Fronteira,Documentário,Estrangeira,Europa,19
407,2010,Destinos Ligados,Ficção,Estrangeira,Playarte,19
82,2009,Coco Antes De Chanel,Ficção,Estrangeira,Warner,19
458,2010,Lissi E O Reino Dos Birutas,Animação,Estrangeira,Serendip,19
824,2011,O Garoto Da Bicicleta,Ficção,Estrangeira,Imovision,18
174,2009,Loki - Arnaldo Baptista,Documentário,Brasileira,Canal Brasil,18
502,2010,O Garoto De Liverpool,Ficção,Estrangeira,Imagem,18
511,2010,O Mensageiro (2010),Ficção,Estrangeira,Paris,18
392,2010,Coco Chanel & Igor Stravinsky,Ficção,Estrangeira,Imovision,18
753,2011,"Filhos De João, Admirável Mundo Novo Baiano",Documentário,Brasileira,Pipa Produções,18
27,2009,A Teta Assustada,Ficção,Estrangeira,Paris,18
468,2010,Mary E Max - Uma Amizade Diferente,Animação,Estrangeira,Playarte,18
466,2010,Maré De Azar,Ficção,Estrangeira,Paris,18
296,2009,Uma Canção De Amor,Ficção,Estrangeira,Paris,17
193,2009,"Nova York, Eu Te Amo",Ficção,Estrangeira,Califórnia,17
612,2010,Vida Sobre Rodas,Documentário,Brasileira,Sony,17
720,2011,Desaparecidos,Ficção,Brasileira,Schürmann,17
22,2009,A Partida,Ficção,Estrangeira,Paris,17
528,2010,Ondine,Ficção,Estrangeira,Imagem,17
657,2011,Amanhã Nunca Mais,Ficção,Brasileira,Fox,17
633,2011,A Chave De Sarah,Ficção,Estrangeira,Imagem,17
883,2011,Quebrando O Tabu,Documentário,Brasileira,Espaço Filmes,16
419,2010,Em Teu Nome,Ficção,Brasileira,Accorde Audiovisuais,16
705,2011,Confiar,Ficção,Estrangeira,Imagem,16
7,2009,A Era Da Estupidez,Documentário,Estrangeira,Moviemobz,16
781,2011,Jardim Das Folhas Sagradas,Ficção,Brasileira,Polifilmes,16
496,2010,O Concerto,Ficção,Estrangeira,Paris,16
99,2009,Do Começo Ao Fim,Ficção,Brasileira,Downtown/Riofilme,16
899,2011,Santa Paciência,Ficção,Estrangeira,Imagem,16
776,2011,Inquietos,Ficção,Estrangeira,Sony,15
677,2011,Bahêa Minha Vida,Documentário,Brasileira,Paris,15
401,2010,Coração Louco,Ficção,Estrangeira,Fox,15
190,2009,Ninho Vazio,Ficção,Estrangeira,Imovision,15
778,2011,Inverno Da Alma,Ficção,Estrangeira,Califórnia,15
595,2010,Um Homem Misterioso,Ficção,Estrangeira,Universal,15
31,2009,A Vida Íntima De Pippa Lee,Ficção,Estrangeira,Playarte,15
198,2009,O Casamento De Rachel,Ficção,Estrangeira,Sony,15
877,2011,Pronto Para Recomeçar,Ficção,Estrangeira,Playarte,15
254,2009,Se Nada Mais Der Certo,Ficção,Brasileira,Imovision,14
506,2010,O Homem Que Engarrafava Nuvens,Documentário,Brasileira,Espaço Filmes,14
73,2009,Caramelo,Ficção,Estrangeira,Imovision,14
19,2009,A Onda,Ficção,Estrangeira,Moviemobz,14
116,2009,Ervas Daninhas,Ficção,Estrangeira,Imovision,14
525,2010,Oceanos,Documentário,Estrangeira,Playarte,14
334,2010,A Mente Que Mente,Ficção,Estrangeira,Europa,14
49,2009,Anticristo,Ficção,Estrangeira,Califórnia,14
615,2010,"Vittorio De Sica – Minha Vida, Meus Amores",Documentário,Estrangeira,Serendip,14
360,2010,Antes Que O Mundo Acabe,Ficção,Brasileira,Imagem,13
42,2009,Almoço Em Agosto,Ficção,Estrangeira,Imovision,13
710,2011,Cópia Fiel,Ficção,Estrangeira,Imovision,13
709,2011,Copacabana,Ficção,Estrangeira,Pandora Filmes,13
579,2010,Soul Kitchen,Ficção,Estrangeira,Imovision,13
143,2009,Há Tanto Tempo Que Te Amo,Ficção,Estrangeira,Moviemobz,13
415,2010,Educação,Ficção,Estrangeira,Sony,13
412,2010,Dois Irmãos,Ficção,Estrangeira,Imovision,13
594,2010,Um Doce Olhar,Ficção,Estrangeira,Paris,12
292,2009,Um Namorado Para Minha Esposa,Ficção,Estrangeira,Paris,12
15,2009,A Janela,Ficção,Estrangeira,Imovision,12
212,2009,O Grupo Baader Meinhof,Ficção,Estrangeira,Imagem,12
711,2011,Corações Perdidos,Ficção,Estrangeira,Imagem,12
402,2010,Criação,Ficção,Estrangeira,Imagem,12
553,2010,Quando Me Apaixono,Ficção,Estrangeira,Europa,12
637,2011,A Falta Que Nos Move,Ficção,Brasileira,Espaço Filmes,12
661,2011,Amor?,Ficção,Brasileira,Copacabana Filmes,12
739,2011,Entre Segredos E Mentiras,Ficção,Estrangeira,Imagem,12
325,2010,A Casa Verde,Ficção,Brasileira,Accorde Audiovisuais,12
91,2009,Deixa Ela Entrar,Ficção,Estrangeira,Filmes Da Mostra,12
630,2011,A Casa,Ficção,Estrangeira,Playarte,12
279,2009,Titãs - A Vida Até Parece Uma Festa,Documentário,Brasileira,Moviemobz,12
191,2009,No Meu Lugar,Ficção,Brasileira,Downtown/Videofilmes,12
842,2011,O Sequestro De Um Herói,Ficção,Estrangeira,Serendip,12
93,2009,Desejo E Perigo,Ficção,Estrangeira,Europa,12
829,2011,O Mágico,Animação,Estrangeira,Playarte,12
819,2011,O Casamento Do Meu Ex,Ficção,Estrangeira,Paris,11
717,2011,Dawson Isla 10,Ficção,Brasileira,Imagem,11
789,2011,Lixo Extraordinário,Documentário,Brasileira,Downtown,11
758,2011,Gainsbourg – O Homem Que Amava As Mulheres,Ficção,Estrangeira,Imovision,11
811,2011,Não Se Pode Viver Sem Amor,Ficção,Brasileira,Pandora Filmes,11
655,2011,Além Da Estrada,Ficção,Brasileira,Vitrine Filmes,11
769,2011,Homens E Deuses,Ficção,Estrangeira,Imovision,11
463,2010,Machete,Ficção,Estrangeira,Sony,11
890,2011,Reidy – A Construção Da Utopia,Documentário,Brasileira,Espaço Filmes,11
145,2009,Hanami - Cerejeiras Em Flor,Ficção,Estrangeira,Filmes Da Mostra,10
109,2009,Eliezer Batista - O Engenheiro Do Brasil,Documentário,Brasileira,Espaço Filmes,10
897,2011,Românticos Anônimos,Ficção,Estrangeira,Imovision,10
683,2011,Bollywood Dream – O Sonho Bollywoodiano,Ficção,Brasileira,Espaço Filmes,10
440,2010,Histórias De Amor Duram Apenas 90 Minutos,Ficção,Brasileira,Downtown/Riofilme,10
680,2011,Belair,Documentário,Brasileira,Pipa Produções,10
530,2010,Os Famosos E Os Duendes Da Morte,Ficção,Brasileira,Warner,10
666,2011,As Canções,Documentário,Brasileira,Espaço Filmes,10
376,2010,Baaria - A Porta Do Vento,Ficção,Estrangeira,Paris,10
353,2010,Amélia,Ficção,Estrangeira,Fox,10
289,2009,Um Homem De Moral,Documentário,Brasileira,Superfilmes,10
741,2011,Esses Amores,Ficção,Estrangeira,Imovision,10
442,2010,Homens Que Encaravam Cabras,Ficção,Estrangeira,Sony,10
892,2011,Restrepo,Documentário,Estrangeira,Europa,10
131,2009,Frost/Nixon,Ficção,Estrangeira,Universal,10
351,2010,Almas À Venda,Ficção,Estrangeira,Europa,10
750,2011,Família Braz – Dois Tempos,Documentário,Brasileira,Videofilmes,10
627,2011,A Árvore,Ficção,Estrangeira,Pandora Filmes,10
255,2009,Segredos Íntimos,Ficção,Estrangeira,Paris,9
532,2010,Os Inquilinos,Ficção,Brasileira,Pandora Filmes,9
445,2010,"Índia, Amor E Outras Delícias",Ficção,Estrangeira,Serendip,9
697,2011,Chuva,Ficção,Estrangeira,Panda Filmes,9
25,2009,A Procura De Eric,Ficção,Estrangeira,Califórnia,9
560,2010,"Rita Cadillac, A Lady Do Povo",Documentário,Brasileira,Espaço Filmes,9
230,2009,Palavra (En)Cantada,Documentário,Brasileira,Filmes Do Estação,9
232,2009,Partir,Ficção,Estrangeira,Imovision,9
409,2010,Diário Perdido,Ficção,Estrangeira,Imovision,9
878,2011,Prova De Artista,Documentário,Brasileira,Formosa Filmes,9
32,2009,A Vida Secreta Das Abelhas,Ficção,Estrangeira,Fox,9
825,2011,O Gringo,Documentário,Estrangeira,Pipa Produções,9
86,2009,Coração Vagabundo,Documentário,Brasileira,Paramount,9
610,2010,"Viajo Porque Preciso, Volto Porque Te Amo",Ficção,Brasileira,Espaço Filmes,9
799,2011,Medianeras: Buenos Aires Da Era Do Amor Virtual,Ficção,Estrangeira,Imovision,9
355,2010,Amor Extremo,Ficção,Estrangeira,Imagem,8
712,2011,Corpos Celestes,Ficção,Brasileira,Panda Filmes,8
585,2010,The Big Four,Videomusical,Estrangeira,Moviemobz,8
330,2010,A Guerra Dos Vizinhos,Ficção,Brasileira,Polifilmes,8
518,2010,O Que Resta Do Tempo,Ficção,Estrangeira,Imovision,8
291,2009,Um Lobisomem Na Amazônia,Ficção,Brasileira,Polifilmes/Topázio Filmes,8
38,2009,Algo Que Você Precisa Saber,Ficção,Estrangeira,Imovision,8
340,2010,A Riviera Não É Aqui,Ficção,Estrangeira,Imagem,8
349,2010,Ah... O Amor!,Ficção,Estrangeira,Serendip,8
421,2010,Enfim Viúva,Ficção,Estrangeira,Pandora Filmes,8
187,2009,Moscou,Documentário,Brasileira,Videofilmes,8
901,2011,Saturno Em Oposição,Ficção,Estrangeira,Petrini,8
81,2009,Cinzas Do Passado Redux,Ficção,Estrangeira,Imagem,8
139,2009,Gigante,Ficção,Estrangeira,Imovision,8
301,2009,Valsa Com Bashir,Animação,Estrangeira,Sony,8
622,2011,180º,Ficção,Brasileira,Pandora Filmes,8
790,2011,Lola (2011),Ficção,Estrangeira,Lume Produções Cinematográficas,8
845,2011,O Último Voo Do Flamingo,Ficção,Brasileira,Videofilmes,7
820,2011,O Céu Sobre Os Ombros,Ficção,Brasileira,Vitrine Filmes,7
243,2009,Quanto Dura O Amor?,Ficção,Brasileira,Pandora Filmes,7
810,2011,Não Me Abandone Jamais,Ficção,Estrangeira,Fox,7
765,2011,Guerra Dos Sexos,Ficção,Estrangeira,Paris,7
346,2010,A Vida Durante A Guerra,Ficção,Estrangeira,Imagem,7
743,2011,Estrada Para Ythaca,Ficção,Brasileira,Vitrine Filmes,7
2,2009,23 Anos Em 7 Segundos: 1977 - O Fim Do Jejum Corinthiano,Documentário,Brasileira,Fox,7
774,2011,Incêndios,Ficção,Estrangeira,Imovision,7
197,2009,O Caçador,Ficção,Estrangeira,Imovision,7
844,2011,O Último Dançarino De Mao,Ficção,Estrangeira,Califórnia,7
551,2010,Procurando Elly,Ficção,Estrangeira,Imovision,7
552,2010,"Programa Casé – O Que A Gente Não Inventa, Não Existe",Documentário,Brasileira,Espaço Filmes,7
222,2009,O Visitante,Ficção,Estrangeira,Moviemobz,6
465,2010,Mais Que O Máximo,Ficção,Estrangeira,Imovision,6
403,2010,Cyrus,Ficção,Estrangeira,Fox,6
827,2011,O Homem Ao Lado,Ficção,Estrangeira,Imovision,6
10,2009,A Festa Da Menina Morta,Ficção,Brasileira,Imovision,6
231,2009,Paris,Ficção,Estrangeira,Pandora Filmes,6
35,2009,Aconteceu Em Woodstock,Ficção,Estrangeira,Universal,6
529,2010,Os Estados Unidos Contra John Lennon,Documentário,Estrangeira,Filmes Da Mostra,6
798,2011,Margin Call – O Dia Antes Do Fim,Ficção,Estrangeira,Paris,6
684,2011,Borboletas Negras,Ficção,Estrangeira,Imovision,6
803,2011,Minhas Tardes Com Margueritte,Ficção,Estrangeira,Imovision,6
652,2011,A Viagem De Lucia,Ficção,Estrangeira,Ab Filmes,6
499,2010,O Estudante (2010),Ficção,Estrangeira,Califórnia,6
597,2010,Um Homem Sério,Ficção,Estrangeira,Universal,6
513,2010,O Mundo Imaginário Do Dr. Parnassus,Ficção,Estrangeira,Sony,6
792,2011,Loup - Uma Amizade Para Sempre,Ficção,Estrangeira,Playarte,6
584,2010,Tetro,Ficção,Estrangeira,Imovision,6
156,2009,Inimigo Publico Nº 1 - Instinto De Morte,Ficção,Estrangeira,Califórnia,6
903,2011,"Se Não Nós, Quem?",Ficção,Estrangeira,Imovision,6
264,2009,"Sinédoque, Nova Iorque",Ficção,Estrangeira,Imagem,6
494,2010,O Bom Coração,Ficção,Estrangeira,Imovision,6
85,2009,Contratempo - Uma Valsa Da Dor,Documentário,Brasileira,Videofilmes,6
267,2009,Stella,Ficção,Estrangeira,Imovision,6
414,2010,Dzi Croquettes,Documentário,Brasileira,Imovision,6
536,2010,Pachamama,Documentário,Brasileira,Videofilmes,6
481,2010,"Não, Minha Filha, Você Não Irá Dançar",Ficção,Estrangeira,Imovision,6
248,2009,Rio Congelado,Ficção,Estrangeira,Sony,6
517,2010,O Profeta,Ficção,Estrangeira,Sony,6
809,2011,Nana Caymmi Em Rio Sonata,Documentário,Estrangeira,Imovision,6
744,2011,Estrada Real Da Cachaça,Documentário,Brasileira,Vitrine Filmes,6
816,2011,No Olho Da Rua,Ficção,Brasileira,Leão Filmes,6
735,2011,Em Um Mundo Melhor,Ficção,Estrangeira,Califórnia,6
696,2011,"Chantal Akerman, De Cá",Documentário,Brasileira,Vitrine Filmes,6
653,2011,"Adeus, Primeiro Amor",Ficção,Estrangeira,Imovision,6
217,2009,O Milagre De Santa Luzia,Documentário,Brasileira,Miração Filmes,6
841,2011,O Samba Que Mora Em Mim,Documentário,Brasileira,Pandora Filmes,5
122,2009,Fados,Documentário,Estrangeira,Europa,5
347,2010,Abutres,Ficção,Estrangeira,Paris,5
815,2011,Natimorto,Ficção,Brasileira,Camisa Treze,5
745,2011,Estranhos Normais,Ficção,Estrangeira,Pandora Filmes,5
521,2010,O Sol Do Meio-Dia,Ficção,Brasileira,Pandora Filmes,5
207,2009,O Fantástico Senhor Raposo,Animação,Estrangeira,Fox,5
66,2009,Bem-Vindo,Ficção,Estrangeira,Imovision,5
540,2010,Patrick 1.5,Ficção,Estrangeira,Ab Filmes,5
895,2011,Riscado,Ficção,Brasileira,Filmes Do Estação,5
721,2011,Desassossego,Ficção,Brasileira,Vitrine Filmes,5
113,2009,Entre A Luz E A Sombra,Documentário,Brasileira,Videofilmes,5
853,2011,Os Monstros,Ficção,Brasileira,Vitrine Filmes,5
639,2011,A Fuga Da Mulher Gorila,Ficção,Brasileira,Vitrine Filmes,5
662,2011,Amores Imaginários,Ficção,Estrangeira,Ab Filmes,5
136,2009,Garapa,Documentário,Brasileira,Downtown,5
294,2009,Um Segredo Em Família,Ficção,Estrangeira,Filmes Do Estação,5
592,2010,Tulpan,Ficção,Estrangeira,Filmes Da Mostra,5
79,2009,"Cinderelas, Lobos E Um Príncipe Encantado",Documentário,Brasileira,Pipa Produções,5
309,2009,Vitus,Ficção,Estrangeira,Filmes Da Mostra,5
708,2011,Contracorrente,Ficção,Estrangeira,Ab Filmes,5
311,2009,W.,Ficção,Estrangeira,Filmes Do Estação,5
126,2009,Filmefobia,Ficção,Brasileira,Polifilmes,5
541,2010,Pecado Da Carne,Ficção,Estrangeira,Ab Filmes,5
478,2010,Mother - A Busca Pela Verdade,Ficção,Estrangeira,Paris,5
498,2010,O Estranho Em Mim,Ficção,Estrangeira,Filmes Da Mostra,5
50,2009,Apenas O Fim,Ficção,Brasileira,Filmes Do Estação,5
727,2011,Dieta Mediterrânea,Ficção,Estrangeira,Imovision,5
596,2010,Um Homem Que Grita,Ficção,Estrangeira,Bonfilm,5
629,2011,A Árvore Do Amor,Ficção,Estrangeira,Serendip,5
335,2010,À Moda Da Casa,Ficção,Estrangeira,Pandora Filmes,5
179,2009,Mataram Irmã Dorothy,Documentário,Estrangeira,Moviemobz,5
568,2010,Sentimento De Culpa,Ficção,Estrangeira,Sony,5
795,2011,Mamute,Ficção,Estrangeira,Imovision,5
881,2011,Que Mais Posso Querer,Ficção,Estrangeira,Petrini,5
153,2009,Horas De Verão,Ficção,Estrangeira,Filmes Da Mostra,5
837,2011,O Primeiro Que Disse,Ficção,Estrangeira,Imovision,5
464,2010,Mademoiselle Chambon,Ficção,Estrangeira,Imovision,5
239,2009,"Polícia, Adjetivo",Ficção,Estrangeira,Imovision,5
542,2010,Pecados Do Meu Pai,Documentário,Estrangeira,Serendip,4
155,2009,Import Export,Ficção,Estrangeira,Filmes Da Mostra,4
54,2009,As Cantoras Do Rádio,Documentário,Brasileira,Panda Filmes,4
678,2011,Balada Triste,Ficção,Estrangeira,Serendip,4
299,2009,Uma Vida Sem Regras,Ficção,Estrangeira,Paris,4
586,2010,The Runaways - Garotas Do Rock,Ficção,Estrangeira,Paris,4
716,2011,Crítico,Documentário,Brasileira,Vitrine Filmes,4
101,2009,Dois Em Um,Ficção,Estrangeira,Pandora Filmes,4
13,2009,A Garota Ideal,Ficção,Estrangeira,Califórnia,4
676,2011,Avenida Brasília Formosa,Documentário,Brasileira,Vitrine Filmes,4
312,2009,"Waldick, Sempre No Meu Coração",Documentário,Brasileira,Pequena Central,4
33,2009,Abba O Filme,Documentário,Estrangeira,Moviemobz,4
89,2009,De Profundis,Animação,Estrangeira,Europa,4
323,2010,A Bruxinha E O Dragão,Ficção,Estrangeira,Europa,4
752,2011,Feliz Que Minha Mãe Está Viva,Ficção,Estrangeira,Imovision,4
375,2010,B1 - Tenório Em Pequim,Documentário,Brasileira,Espaço Filmes,4
755,2011,Fora Da Lei,Ficção,Estrangeira,Califórnia,4
600,2010,Um Novo Caminho,Ficção,Estrangeira,Imovision,4
477,2010,"Moscou, Bélgica",Ficção,Estrangeira,Filmes Da Mostra,4
366,2010,As Cartas Psicografadas Por Chico Xavier,Documentário,Brasileira,Ciclorama Filmes,4
39,2009,Alguém Que Me Ame De Verdade,Ficção,Estrangeira,Moviemobz,4
645,2011,A Missão Do Gerente De Recursos Humanos,Ficção,Estrangeira,Imovision,4
495,2010,O Ciúme Mora Ao Lado,Ficção,Estrangeira,Imovision,4
428,2010,Filme Socialismo,Ficção,Estrangeira,Imovision,4
417,2010,Elza,Documentário,Brasileira,Gávea Filmes E Produções,4
12,2009,A Garota De Mônaco,Ficção,Estrangeira,Imovision,4
112,2009,Enquanto O Sol Não Vem,Ficção,Estrangeira,Pandora Filmes,4
227,2009,Ouro Negro,Ficção,Brasileira,Pandora Filmes,4
826,2011,O Guarda,Ficção,Estrangeira,Sony,4
234,2009,Patativa Do Assaré - Ave Poesia,Documentário,Brasileira,Sereia Filmes,4
235,2009,Paulo Gracindo - O Bem Amado,Documentário,Brasileira,Filmes Do Estação,4
564,2010,Sede De Sangue,Ficção,Estrangeira,Paris,4
46,2009,Anabazys,Documentário,Brasileira,Riofilme,4
250,2009,Rumba,Ficção,Estrangeira,Filmes Do Estação,3
75,2009,Casamento Silencioso,Ficção,Estrangeira,Imovision,3
188,2009,Nada Vai Nos Separar,Documentário,Brasileira,G7 Cinema,3
295,2009,Um Taxi Para A Escuridão,Documentário,Estrangeira,Moviemobz,3
378,2010,Bellini E O Demônio,Ficção,Brasileira,Santa Fé Filmes,3
772,2011,Ilusões Óticas,Ficção,Estrangeira,Tucumán,3
138,2009,Gesto Obsceno,Ficção,Estrangeira,Moviemobz,3
322,2010,A Alma Do Osso,Documentário,Brasileira,Filmes Do Rio De Janeiro,3
310,2009,"Vocês, Os Vivos",Ficção,Estrangeira,Filmes Da Mostra,3
152,2009,Honeydripper,Ficção,Estrangeira,Imovision,3
364,2010,Aproximação,Ficção,Estrangeira,Pandora Filmes,3
159,2009,Inútil,Documentário,Estrangeira,Filmes Da Mostra,3
173,2009,Lição De Amor,Ficção,Estrangeira,Califórnia,3
818,2011,O Amor Chega Tarde,Ficção,Estrangeira,Esfera Produções,3
180,2009,Mesa De Bar Onde Tudo Acontece,Ficção,Brasileira,Mirasul,3
168,2009,Katyn,Ficção,Estrangeira,Moviemobz,3
317,2010,15 Anos E Meio,Ficção,Estrangeira,Pandora Filmes,3
204,2009,O Diário De Sintra,Documentário,Brasileira,Moviemobz/Riofilme,3
195,2009,Novo Século Americano,Documentário,Estrangeira,Moviemobz,3
68,2009,Bons Costumes,Ficção,Estrangeira,Sony,3
807,2011,Mulatas! Um Tufão Nos Quadris,Documentário,Brasileira,Carioca,3
172,2009,Lanchonete Olympia,Ficção,Estrangeira,Moviemobz,3
779,2011,Inversão,Ficção,Brasileira,Califórnia,3
141,2009,Goodbye...Solo,Ficção,Estrangeira,Imovision,3
391,2010,Cildo,Documentário,Brasileira,Videofilmes,3
821,2011,O Dia Em Que Eu Não Nasci,Ficção,Estrangeira,Serendip,3
913,2011,Submarino,Ficção,Estrangeira,Lume Produções Cinematográficas,3
582,2010,"Terra Deu, Terra Come",Documentário,Brasileira,Videofilmes,3
626,2011,A Antropóloga,Ficção,Brasileira,Imagem,3
625,2011,A Alegria,Ficção,Brasileira,Espaço Filmes,3
635,2011,A Criança Da Meia-Noite,Ficção,Estrangeira,Imovision,3
446,2010,Insolação,Ficção,Brasileira,Europa,3
911,2011,Solidão E Fé,Documentário,Brasileira,Miração Filmes,3
563,2010,Scott Pilgrim Contra O Mundo,Ficção,Estrangeira,Universal,3
426,2010,Eu Matei Minha Mãe,Ficção,Estrangeira,Ab Filmes,3
692,2011,Caminho Para O Nada,Ficção,Estrangeira,Lume Produções Cinematográficas,3
519,2010,O Refúgio,Ficção,Estrangeira,Imovision,3
14,2009,A Ilha Da Morte,Ficção,Brasileira,Imovision,3
514,2010,O Pecado De Hadewijch,Ficção,Estrangeira,Imovision,3
510,2010,O Louco Amor De Yves Saint Laurent,Documentário,Estrangeira,Serendip,3
699,2011,Cinco Dias Sem Nora,Ficção,Estrangeira,Esfera Produções,3
491,2010,O Amor Segundo B. Schianberg,Ficção,Brasileira,Espaço Filmes,3
450,2010,Jards Macalé - Um Morcego Na Porta Principal,Documentário,Brasileira,Moviemobz,3
870,2011,Poesia,Ficção,Estrangeira,Imovision,3
398,2010,Confusões Em Família,Ficção,Estrangeira,Imagem,3
788,2011,Leite E Ferro,Documentário,Brasileira,Polifilmes,2
504,2010,O Grão,Ficção,Brasileira,Usina Digital,2
0,2009,1983.. O Ano Azul,Documentário,Brasileira,Prana Filmes,2
400,2010,Contos Da Era Dourada,Ficção,Estrangeira,Imovision,2
749,2011,Faça-Me Feliz,Ficção,Estrangeira,Filmes Do Estação,2
906,2011,Sequestro,Documentário,Brasileira,Downtown,2
867,2011,Passione,Documentário,Estrangeira,Paris,2
459,2010,London River - Destinos Cruzados,Ficção,Estrangeira,Califórnia,2
37,2009,Alexandra,Ficção,Estrangeira,Filmes Do Estação,2
734,2011,Em Casa Para O Natal,Ficção,Estrangeira,Imovision,2
390,2010,Cidade De Plástico,Ficção,Brasileira,Paris,2
726,2011,Diário De Uma Busca,Documentário,Brasileira,Videofilmes,2
434,2010,"Godard, Truffaut E A Nouvelle Vague",Documentário,Estrangeira,Imovision,2
293,2009,Um Romance De Geração,Ficção,Brasileira,Filmes Do Estação,2
473,2010,"Minha Terra, África",Ficção,Estrangeira,Imovision,2
768,2011,Hiroshima,Ficção,Estrangeira,Lume Produções Cinematográficas,2
52,2009,Arranca-Me A Vida,Ficção,Estrangeira,Fox,2
909,2011,Singularidades De Uma Rapariga Loira,Ficção,Estrangeira,Filmes Da Mostra,2
205,2009,O Equilibrista,Documentário,Estrangeira,Califórnia,2
218,2009,O Nome Dela É Sabine,Documentário,Estrangeira,Filmes Do Estação,2
57,2009,Atrizes,Ficção,Estrangeira,Pandora Filmes,2
241,2009,Praça Saens Peña,Ficção,Brasileira,Moviemobz/Riofilme,2
247,2009,Rindo A Toa,Ficção,Estrangeira,Califórnia,2
3,2009,3 Macacos,Ficção,Estrangeira,Imovision,2
471,2010,Meu Mundo Em Perigo,Ficção,Brasileira,Vitrine Filmes,2
435,2010,Grêmio 10X0,Documentário,Brasileira,G7 Cinema,2
908,2011,Simples Mortais,Ficção,Brasileira,Polifilmes,2
78,2009,Cidadão Boilesen,Documentário,Brasileira,Imovision,2
316,2009,Zico Na Rede,Documentário,Brasileira,Business Telecom,2
623,2011,2012 - Tempo De Mudança,Documentário,Estrangeira,Vitrine Filmes,2
580,2010,Supremacia Vermelha,Documentário,Brasileira,G7 Cinema,2
603,2010,Um Quarto Em Roma,Ficção,Estrangeira,Imovision,2
860,2011,Outubro,Ficção,Estrangeira,Filmes Da Mostra,2
631,2011,A Casa De Sandro,Documentário,Brasileira,Enquadramento Produções,2
861,2011,Pacific,Documentário,Brasileira,Vitrine Filmes,2
140,2009,Glória Ao Cineasta,Ficção,Estrangeira,Moviemobz,2
88,2009,Corpo Do Rio,Documentário,Brasileira,Pequena Central,2
583,2010,Terras,Documentário,Brasileira,Vitrine Filmes,2
871,2011,Ponto Final,Ficção,Brasileira,Pipa Produções,2
486,2010,No Meio Do Mundo,Documentário,Estrangeira,Pipa Produções,2
713,2011,Cortina De Fumaça,Documentário,Brasileira,Tva2 Produções,2
482,2010,Napoli Napoli Napoli,Ficção,Estrangeira,Paris,2
483,2010,Netto E O Domador De Cavalos,Ficção,Brasileira,Walper Ruas,2
70,2009,Br-3 Documentário,Documentário,Brasileira,Casa Azul,2
51,2009,Aquele Querido Mês De Agosto,Ficção,Estrangeira,Filmes Do Estação,2
182,2009,Milagre Em Sta. Anna,Ficção,Estrangeira,Califórnia,2
171,2009,Kurt Cobain - Retrato De Uma Ausência,Documentário,Estrangeira,Pandora Filmes,1
624,2011,4 X Timão - A Conquista Do Tetra,Documentário,Brasileira,Fox,1
830,2011,O Mineiro E O Queijo,Documentário,Brasileira,Espaço Filmes,1
169,2009,Kfz-1348,Documentário,Brasileira,Rec Produtores,1
780,2011,Isto Não É Um Filme,Documentário,Estrangeira,Imovision,1
133,2009,Fundo Do Mar 3D,Documentário,Estrangeira,Espaço Itaú De Cinema,1
732,2011,E Aí Hendrix?,Documentário,Brasileira,Polifilmes,1
176,2009,Manhã Transfigurada,Ficção,Brasileira,Pandora Filmes,1
730,2011,Duas Mulheres,Ficção,Brasileira,Pipa Produções,1
609,2010,Vencer,Ficção,Estrangeira,Imovision,1
587,2010,Todo Poderoso: O Filme - 100 Anos De Timão,Documentário,Brasileira,Fox,1
599,2010,Um Mar De Aventuras 3D,Documentário,Estrangeira,Espaço Itaú De Cinema,1
598,2010,Um Lugar Ao Sol,Documentário,Brasileira,Símio Filmes,1
593,2010,Tyson,Documentário,Estrangeira,Califórnia,1
636,2011,A Despedida,Ficção,Estrangeira,Panda Filmes,1
576,2010,Solo,Ficção,Brasileira,Espaço Filmes,1
574,2010,Só Dez Por Cento É Mentira,Documentário,Brasileira,Downtown,1
643,2011,À Margem Do Lixo,Documentário,Brasileira,Raiz Distribuidora,1
566,2010,Sempre Bela,Ficção,Estrangeira,Filmes Da Mostra,1
649,2011,A Serbian Film - Terror Sem Limites,Ficção,Estrangeira,Petrini,1
208,2009,O Fim Da Picada,Ficção,Brasileira,Cinegrama,1
185,2009,Mistéryos,Ficção,Brasileira,Panda Filmes,1
328,2010,A Falta Que Me Faz,Documentário,Brasileira,Anavilhana,1
806,2011,Morro Do Céu,Documentário,Brasileira,Vitrine Filmes,1
308,2009,Vila 21,Ficção,Estrangeira,Panda Filmes,1
383,2010,Caro Francis,Documentário,Brasileira,Imovision,1
760,2011,Gêmeos - Mórbida Semelhança,Ficção,Estrangeira,F.J. Vídeo,1
344,2010,A Todo Volume,Documentário,Estrangeira,Sony,1
348,2010,Acácio,Documentário,Brasileira,Anavilhana,1
746,2011,Eu Eu Eu José Lewgoy,Documentário,Brasileira,Polifilmes,1
359,2010,Antes Da Lua Cheia,Ficção,Estrangeira,Pandora Filmes,1
362,2010,Ao Sul De Setembro,Ficção,Brasileira,Polifilmes,1
365,2010,Aquarela - As Cores De Uma Paixão,Ficção,Estrangeira,Ab Filmes,1
764,2011,Gosto De Sangue,Ficção,Estrangeira,F.J. Vídeo,1
303,2009,Velhas Guardas,Documentário,Brasileira,Pipa Produções,1
209,2009,O Fundo Do Mar,Ficção,Estrangeira,Panda Filmes,1
771,2011,Hubble 3D,Documentário,Estrangeira,Espaço Itaú De Cinema,1
283,2009,Topografia De Um Desnudo,Ficção,Brasileira,T.A.O. Produções Artisticas,1
736,2011,Embargo,Ficção,Brasileira,Raiz Distribuidora,1
281,2009,Tokyo,Ficção,Estrangeira,Califórnia,1
274,2009,Terra Sonâmbula,Ficção,Estrangeira,Panda Filmes,1
265,2009,Som E Fúria,Ficção,Brasileira,O2 Cinema,1
258,2009,Senhores Do Vento,Documentário,Brasileira,Youle Filmes,1
256,2009,Sem Fio,Ficção,Brasileira,Panda Filmes,1
219,2009,O Poder Do Soul,Documentário,Estrangeira,Sony,1
650,2011,A Última Estação (2011),Ficção,Estrangeira,Sony,1
457,2010,Léo E Bia,Ficção,Brasileira,Copacabana Filmes,1
558,2010,Reflexões De Um Liquidificador,Ficção,Brasileira,Bras Filmes,1
100,2009,Doce De Coco,Ficção,Brasileira,Pandora Filmes,1
17,2009,A Morte Inventada - Alienação Parental,Documentário,Brasileira,Caraminhola Produções Artísticas,1
507,2010,O Inferno De Henri-Georges Clouzot,Documentário,Estrangeira,Imovision,1
893,2011,Ricky,Ficção,Estrangeira,Califórnia,1
857,2011,Os Residentes,Ficção,Brasileira,Vitrine Filmes,1
114,2009,Entre Os Dedos,Ficção,Brasileira,Polifilmes,1
69,2009,Br-3 - A Peça,Documentário,Brasileira,Casa Azul,1
64,2009,"Beijo Na Boca, Não!",Ficção,Estrangeira,Pandora Filmes,1
63,2009,Batatinha Poeta Do Samba,Documentário,Brasileira,Portfolium Laboratório De Imagens,1
36,2009,Adagio Sostenuto,Ficção,Brasileira,Pipa Produções,1
882,2011,Quebradeiras,Documentário,Brasileira,Raiz Distribuidora,1
9,2009,A Erva Do Rato,Ficção,Brasileira,República Pureza,1
55,2009,As Testemunhas,Ficção,Estrangeira,Filmes Do Estação,1
45,2009,American Teen,Documentário,Estrangeira,Paris,1
117,2009,Estação Espacial 3D,Documentário,Estrangeira,Espaço Itaú De Cinema,1
894,2011,Rio,Animação,Estrangeira,Fox,1
648,2011,A Saga Crepúsculo: Amanhecer - Parte 2,Ficção,Estrangeira,Paris,1
40,2009,Alguns Motivos Para Não Se Apaixonar,Ficção,Estrangeira,Panda Filmes,1
90,2009,"De Repente, California",Ficção,Estrangeira,Ab Filmes,1
865,2011,Para Poucos,Ficção,Estrangeira,Imovision,1
714,2011,Corumbiara,Documentário,Brasileira,Panda Filmes,1
489,2010,O Abraço Corporativo,Documentário,Brasileira,Idéia Forte,1
487,2010,Nos Embalos Da Disco,Ficção,Estrangeira,Pandora Filmes,1
476,2010,"Morgue Story - Sangue, Baiacu E Quadrinhos",Ficção,Brasileira,Moro Comunicação,1
472,2010,Micmacs - Um Plano Complicado,Ficção,Estrangeira,Sony,1
885,2011,Rádio Nacional,Documentário,Brasileira,Business Telecom,1
430,2010,Fluidos,Ficção,Brasileira,Polifilmes,1
416,2010,Elevado 3.5,Documentário,Brasileira,Espaço Filmes,1
462,2010,Luzes Na Escuridão,Ficção,Estrangeira,Pandora Filmes,1
411,2010,Doce Brasil Holandês,Documentário,Brasileira,M. Schmiedt Produções,1
405,2010,"Depois De Ontem, Antes De Amanhã",Documentário,Brasileira,Vega Filmes,1
729,2011,Domingos,Documentário,Brasileira,Gávea Filmes E Produções,1
669,2011,As Praias De Agnès,Documentário,Estrangeira,Filmes Do Estação,1
118,2009,Estórias De Trancoso,Ficção,Brasileira,Polifilmes,1
318,2010,3 Homens E Uma Noite Fria,Ficção,Estrangeira,Imovision,1
74,2009,Caro Sr. Horten,Ficção,Estrangeira,Imovision,1
406,2010,Desejo E Poder,Ficção,Estrangeira,Moviemobz,1
189,2009,Naufrágio - Mistério E Morte Na Catástrofe Do Príncipe De Astúrias,Documentário,Brasileira,Master Shot Produções,0
854,2011,Os Muppets,Ficção,Estrangeira,Disney,0
872,2011,Porta A Porta – A Política Em Dois Tempos,Documentário,Brasileira,Zéfiro Produções,0
132,2009,Fumando Espero,Documentário,Brasileira,Gávea Filmes E Produções,0
651,2011,A Última Estrada Da Praia,Ficção,Brasileira,Okna Produções,0
282,2009,Tony Manero,Ficção,Estrangeira,Imovision,0
302,2009,"Vamos Subir, Leão",Documentário,Brasileira,Canal 3,0
461,2010,Luto Como Mãe,Documentário,Brasileira,Tv Zero Cinema,0
869,2011,Poema De Salvação,Ficção,Estrangeira,Canzión Filmes,0
